cluster_id	input_src	n_genes	truth	A_ranking	B1_named	B1_tier	B1_removed	B1_flags	B1_qualified	B1_verdict	B2_named	B2_tier	B2_removed	B2_flags	B2_qualified	B2_verdict	B3_named	B3_tier	B3_removed	B3_flags	B3_qualified	B3_verdict	B4_named	B4_tier	B4_removed	B4_flags	B4_qualified	B4_verdict	B5_named	B5_tier	B5_removed	B5_flags	B5_qualified	B5_verdict
Q7::52	run7rg_digest_pool	25	RGC	[{"cell_type": "Pericyte", "n_shared": 1, "shared": ["THY1"]}, {"cell_type": "Fibroblast", "n_shared": 1, "shared": ["THY1"]}, {"cell_type": "retina_interneuron::AC", "n_shared": 1, "shared": ["GRIN3A"]}, {"cell_type": "retina_v6::AC", "n_shared": 1, "shared": ["GRIN3A"]}]	["Pericyte", "Fibroblast", "retina_interneuron::AC", "retina_v6::AC"]	mouse_confirmed	[]	[]	True	qualified	[]	mouse_confirmed	["Pericyte", "Fibroblast", "retina_interneuron::AC", "retina_v6::AC"]	[]	True	cleared	[]	mouse_confirmed	["Pericyte", "Fibroblast", "retina_interneuron::AC", "retina_v6::AC"]	[]	True	cleared	[]	mouse_confirmed	["Pericyte", "Fibroblast", "retina_interneuron::AC", "retina_v6::AC"]	[]	True	cleared	[]	mouse_confirmed	["Pericyte", "Fibroblast", "retina_interneuron::AC", "retina_v6::AC"]	[]	True	cleared
Q7::58	run7rg_digest_pool	25	RGC	[{"cell_type": "Pericyte", "n_shared": 1, "shared": ["THY1"]}, {"cell_type": "Fibroblast", "n_shared": 1, "shared": ["THY1"]}, {"cell_type": "retina_interneuron::AC", "n_shared": 1, "shared": ["CHRM3"]}]	["Pericyte", "Fibroblast", "retina_interneuron::AC"]	mouse_confirmed	[]	[]	True	qualified	[]	mouse_confirmed	["Pericyte", "Fibroblast", "retina_interneuron::AC"]	[]	True	cleared	[]	mouse_confirmed	["Pericyte", "Fibroblast", "retina_interneuron::AC"]	[]	True	cleared	[]	mouse_confirmed	["Pericyte", "Fibroblast", "retina_interneuron::AC"]	[]	True	cleared	[]	mouse_confirmed	["Pericyte", "Fibroblast", "retina_interneuron::AC"]	[]	True	cleared
Q7::11	v3full_sym20	20	AC	[{"cell_type": "retina_interneuron::AC", "n_shared": 2, "shared": ["GAD1", "GRM8"]}, {"cell_type": "retina_interneuron::HC", "n_shared": 2, "shared": ["GAD1", "MEGF11"]}, {"cell_type": "retina_v6::AC", "n_shared": 2, "shared": ["GAD1", "GRM8"]}, {"cell_type": "AC", "n_shared": 1, "shared": ["GAD1"]}, {"cell_type": "HC", "n_shared": 1, "shared": ["GAD1"]}, {"cell_type": "Pericyte", "n_shared": 1, "shared": ["IGFBP7"]}, {"cell_type": "retina_v6::HC", "n_shared": 1, "shared": ["MEGF11"]}]	["retina_interneuron::AC", "retina_interneuron::HC", "retina_v6::AC", "AC", "HC", "Pericyte", "retina_v6::HC"]	mouse_suspected	[]	[]	True	qualified	["retina_interneuron::AC", "retina_interneuron::HC", "retina_v6::AC", "AC", "HC", "Pericyte", "retina_v6::HC"]	mouse_suspected	[]	[]	True	NOT(annotated)	["retina_interneuron::AC", "retina_interneuron::HC", "retina_v6::AC", "AC", "HC", "Pericyte", "retina_v6::HC"]	mouse_suspected	[]	[]	True	NOT(annotated)	["retina_interneuron::AC", "retina_interneuron::HC", "retina_v6::AC", "AC", "HC", "Pericyte", "retina_v6::HC"]	mouse_suspected	[]	[]	True	NOT(annotated)	[]	mouse_suspected	["retina_interneuron::AC", "retina_interneuron::HC", "retina_v6::AC", "AC", "HC", "Pericyte", "retina_v6::HC"]	[]	True	cleared
Q7::15	v3full_sym20	20	BC	[{"cell_type": "retina_interneuron::AC", "n_shared": 3, "shared": ["CNTN5", "TMEM132D", "SPHKAP"]}, {"cell_type": "retina_interneuron::BC", "n_shared": 1, "shared": ["ADARB2"]}, {"cell_type": "retina_v6::AC", "n_shared": 1, "shared": ["SPHKAP"]}]	["retina_interneuron::AC", "retina_interneuron::BC", "retina_v6::AC"]	mouse_confirmed	[]	[]	True	qualified	["retina_interneuron::AC"]	mouse_confirmed	["retina_interneuron::BC", "retina_v6::AC"]	[]	True	partial:retina_interneuron::AC	[]	mouse_confirmed	["retina_interneuron::AC", "retina_interneuron::BC", "retina_v6::AC"]	[]	True	cleared	[]	mouse_confirmed	["retina_interneuron::AC", "retina_interneuron::BC", "retina_v6::AC"]	[]	True	cleared	[]	mouse_confirmed	["retina_interneuron::AC", "retina_interneuron::BC", "retina_v6::AC"]	[]	True	cleared
Q7::21	v3full_sym20	20	BC	[{"cell_type": "retina_interneuron::BC", "n_shared": 3, "shared": ["ADARB2", "SAMSN1", "SLC24A3"]}, {"cell_type": "retina_interneuron::AC", "n_shared": 3, "shared": ["CNTN5", "TMEM132D", "SPHKAP"]}, {"cell_type": "retina_v6::BC", "n_shared": 1, "shared": ["SAMSN1"]}, {"cell_type": "retina_v6::AC", "n_shared": 1, "shared": ["SPHKAP"]}]	["retina_interneuron::BC", "retina_interneuron::AC", "retina_v6::BC", "retina_v6::AC"]	mouse_confirmed	[]	[]	True	qualified	["retina_interneuron::AC"]	mouse_confirmed	["retina_interneuron::BC", "retina_v6::BC", "retina_v6::AC"]	[]	True	partial:retina_interneuron::AC	[]	mouse_confirmed	["retina_interneuron::BC", "retina_interneuron::AC", "retina_v6::BC", "retina_v6::AC"]	[]	True	cleared	[]	mouse_confirmed	["retina_interneuron::BC", "retina_interneuron::AC", "retina_v6::BC", "retina_v6::AC"]	[]	True	cleared	[]	mouse_confirmed	["retina_interneuron::BC", "retina_interneuron::AC", "retina_v6::BC", "retina_v6::AC"]	[]	True	cleared
Q7::22	v3full_sym20	20	BC	[{"cell_type": "retina_interneuron::BC", "n_shared": 3, "shared": ["HS3ST4", "SAMSN1", "GABRR2"]}, {"cell_type": "retina_v6::BC", "n_shared": 3, "shared": ["HS3ST4", "SAMSN1", "GABRR2"]}, {"cell_type": "retina_interneuron::AC", "n_shared": 2, "shared": ["CNTN5", "TMEM132D"]}]	["retina_interneuron::BC", "retina_v6::BC", "retina_interneuron::AC"]	mouse_confirmed	[]	[]	True	qualified	["retina_interneuron::BC", "retina_v6::BC", "retina_interneuron::AC"]	mouse_confirmed	[]	[]	True	NOT(annotated)	[]	mouse_confirmed	["retina_interneuron::BC", "retina_v6::BC", "retina_interneuron::AC"]	[]	True	cleared	[]	mouse_confirmed	["retina_interneuron::BC", "retina_v6::BC", "retina_interneuron::AC"]	[]	True	cleared	[]	mouse_confirmed	["retina_interneuron::BC", "retina_v6::BC", "retina_interneuron::AC"]	[]	True	cleared
Q7::61	v3full_sym20	20	AC	[{"cell_type": "AC", "n_shared": 1, "shared": ["SLC6A9"]}, {"cell_type": "Astro", "n_shared": 1, "shared": ["SLC1A3"]}, {"cell_type": "retina_interneuron::BC", "n_shared": 1, "shared": ["SLC24A3"]}, {"cell_type": "retina_interneuron::AC", "n_shared": 1, "shared": ["SLC6A9"]}, {"cell_type": "retina_interneuron::Astro", "n_shared": 1, "shared": ["SLC1A3"]}, {"cell_type": "retina_v6::AC", "n_shared": 1, "shared": ["SLC6A9"]}]	["AC", "Astro", "retina_interneuron::BC", "retina_interneuron::AC", "retina_interneuron::Astro", "retina_v6::AC"]	mouse_confirmed	[]	[]	True	qualified	[]	mouse_confirmed	["AC", "Astro", "retina_interneuron::BC", "retina_interneuron::AC", "retina_interneuron::Astro", "retina_v6::AC"]	[]	True	cleared	[]	mouse_confirmed	["AC", "Astro", "retina_interneuron::BC", "retina_interneuron::AC", "retina_interneuron::Astro", "retina_v6::AC"]	[]	True	cleared	[]	mouse_confirmed	["AC", "Astro", "retina_interneuron::BC", "retina_interneuron::AC", "retina_interneuron::Astro", "retina_v6::AC"]	[]	True	cleared	[]	mouse_confirmed	["AC", "Astro", "retina_interneuron::BC", "retina_interneuron::AC", "retina_interneuron::Astro", "retina_v6::AC"]	[]	True	cleared
Q2::22	v3full_sym20	20	Astro	[{"cell_type": "MG", "n_shared": 2, "shared": ["GLUL", "VIM"]}, {"cell_type": "Astro", "n_shared": 2, "shared": ["VIM", "GFAP"]}, {"cell_type": "retina_interneuron::MG", "n_shared": 2, "shared": ["GLUL", "VIM"]}, {"cell_type": "retina_interneuron::Astro", "n_shared": 2, "shared": ["VIM", "GFAP"]}, {"cell_type": "Fibroblast", "n_shared": 1, "shared": ["PTGDS"]}, {"cell_type": "retina_v6::Astro", "n_shared": 1, "shared": ["GFAP"]}]	["MG", "Astro", "retina_interneuron::MG", "retina_interneuron::Astro", "Fibroblast", "retina_v6::Astro"]	human_assumed	[]	["MG", "retina_interneuron::MG"]	False	flag	["Astro", "retina_interneuron::Astro", "Fibroblast", "retina_v6::Astro"]	human_assumed	["MG", "retina_interneuron::MG"]	[]	False	partial:Astro,retina_interneuron::Astro,Fibroblast,retina_v6::Astro	["Astro", "retina_interneuron::Astro", "Fibroblast", "retina_v6::Astro"]	human_assumed	["MG", "retina_interneuron::MG"]	[]	False	partial:Astro,retina_interneuron::Astro,Fibroblast,retina_v6::Astro	["MG", "Astro", "retina_interneuron::MG", "retina_interneuron::Astro", "Fibroblast", "retina_v6::Astro"]	human_assumed	[]	["MG", "retina_interneuron::MG"]	False	NOT	["MG", "Astro", "retina_interneuron::MG", "retina_interneuron::Astro", "Fibroblast", "retina_v6::Astro"]	human_assumed	[]	["MG", "retina_interneuron::MG"]	False	NOT
Q5b::35	v3full_sym20 (登记不判)	20	AC	[{"cell_type": "retina_interneuron::AC", "n_shared": 1, "shared": ["GRM8"]}, {"cell_type": "retina_v6::AC", "n_shared": 1, "shared": ["GRM8"]}]	["retina_interneuron::AC", "retina_v6::AC"]	human_assumed	[]	[]	False	none	["retina_interneuron::AC", "retina_v6::AC"]	human_assumed	[]	[]	False	NOT	["retina_interneuron::AC", "retina_v6::AC"]	human_assumed	[]	[]	False	NOT	["retina_interneuron::AC", "retina_v6::AC"]	human_assumed	[]	[]	False	NOT	["retina_interneuron::AC", "retina_v6::AC"]	human_assumed	[]	[]	False	NOT
