group	gene	pmid_channel	pmid	n_hits	query	excl_note
ACINAR	PRB1	FAIL		0	"""PRB1"" AND lacrimal AND ""Homo sapiens""[Organism]"	
ACINAR	PRB2	FAIL		1	"""PRB2"" AND lacrimal AND ""Homo sapiens""[Organism]"	
ACINAR	PRB3	FAIL		0	"""PRB3"" AND lacrimal AND ""Homo sapiens""[Organism]"	
ACINAR	LPO	FAIL		5	"""LPO"" AND lacrimal AND ""Homo sapiens""[Organism]"	
ACINAR	PIP	FAIL		10	"""PIP"" AND lacrimal AND ""Homo sapiens""[Organism]"	
ACINAR	STATH	FAIL		2	"""STATH"" AND lacrimal AND ""Homo sapiens""[Organism]"	
ACINAR	HTN1	FAIL		1	"""HTN1"" AND lacrimal AND ""Homo sapiens""[Organism]"	
ACINAR	PRSS1	FAIL		1	"""PRSS1"" AND lacrimal AND ""Homo sapiens""[Organism]"	
ACINAR	CTRB1	FAIL		0	"""CTRB1"" AND lacrimal AND ""Homo sapiens""[Organism]"	
ACINAR	CTRB2	FAIL		0	"""CTRB2"" AND lacrimal AND ""Homo sapiens""[Organism]"	
ACINAR	AMY2A	FAIL		1	"""AMY2A"" AND lacrimal AND ""Homo sapiens""[Organism]"	
ACINAR	PNLIP	FAIL		4	"""PNLIP"" AND lacrimal AND ""Homo sapiens""[Organism]"	
ACINAR	CELA2A	FAIL		0	"""CELA2A"" AND lacrimal AND ""Homo sapiens""[Organism]"	
ACINAR	PLA2G1B	FAIL		0	"""PLA2G1B"" AND lacrimal AND ""Homo sapiens""[Organism]"	
ACINAR	CA6	FAIL		1	"""CA6"" AND lacrimal AND ""Homo sapiens""[Organism]"	
ACINAR	BPIFA2	FAIL		2	"""BPIFA2"" AND lacrimal AND ""Homo sapiens""[Organism]"	
ACINAR	ZG16B	FAIL		1	"""ZG16B"" AND lacrimal AND ""Homo sapiens""[Organism]"	
ACINAR	AQP5	FAIL		4	"""AQP5"" AND lacrimal AND ""Homo sapiens""[Organism]"	
ACINAR	PRR4	FAIL		2	"""PRR4"" AND lacrimal AND ""Homo sapiens""[Organism]"	
ACINAR	LACRT	FAIL		1	"""LACRT"" AND lacrimal AND ""Homo sapiens""[Organism]"	
ACINAR	MUC7	FAIL		4	"""MUC7"" AND lacrimal AND ""Homo sapiens""[Organism]"	
ACINAR	SCGB2A2	FAIL		0	"""SCGB2A2"" AND lacrimal AND ""Homo sapiens""[Organism]"	
ACINAR	CST11	FAIL		0	"""CST11"" AND lacrimal AND ""Homo sapiens""[Organism]"	
ACINAR	DCD	FAIL		4	"""DCD"" AND lacrimal AND ""Homo sapiens""[Organism]"	
DUCT	KRT19	FAIL		1	"""KRT19"" AND lacrimal AND ""Homo sapiens""[Organism]"	
DUCT	KRT7	FAIL		1	"""KRT7"" AND lacrimal AND ""Homo sapiens""[Organism]"	
DUCT	CFTR	FAIL		8	"""CFTR"" AND lacrimal AND ""Homo sapiens""[Organism]"	
DUCT	SOX9	FAIL		6	"""SOX9"" AND lacrimal AND ""Homo sapiens""[Organism]"	
DUCT	KRT8	FAIL		0	"""KRT8"" AND lacrimal AND ""Homo sapiens""[Organism]"	
DUCT	SPP1	FAIL		1	"""SPP1"" AND lacrimal AND ""Homo sapiens""[Organism]"	
DUCT	CEACAM6	FAIL		0	"""CEACAM6"" AND lacrimal AND ""Homo sapiens""[Organism]"	
DUCT	PIGR	FAIL		4	"""PIGR"" AND lacrimal AND ""Homo sapiens""[Organism]"	
DUCT	AQP1	FAIL		2	"""AQP1"" AND lacrimal AND ""Homo sapiens""[Organism]"	
DUCT	ELF3	FAIL		1	"""ELF3"" AND lacrimal AND ""Homo sapiens""[Organism]"	
DUCT	BPIFB1	FAIL		1	"""BPIFB1"" AND lacrimal AND ""Homo sapiens""[Organism]"	
DUCT	PRR27	FAIL		0	"""PRR27"" AND lacrimal AND ""Homo sapiens""[Organism]"	
DUCT	MSMB	FAIL		1	"""MSMB"" AND lacrimal AND ""Homo sapiens""[Organism]"	
DUCT	PSCA	FAIL		2	"""PSCA"" AND lacrimal AND ""Homo sapiens""[Organism]"	
DUCT	KRT13	FAIL		1	"""KRT13"" AND lacrimal AND ""Homo sapiens""[Organism]"	
DUCT	ANXA8	FAIL		0	"""ANXA8"" AND lacrimal AND ""Homo sapiens""[Organism]"	
MYOEPITH	ACTA2	FAIL		5	"""ACTA2"" AND lacrimal AND ""Homo sapiens""[Organism]"	
MYOEPITH	CNN1	FAIL		0	"""CNN1"" AND lacrimal AND ""Homo sapiens""[Organism]"	
MYOEPITH	MYH11	PASS	38536014	4	"""MYH11"" AND lacrimal AND ""Homo sapiens""[Organism]"	
MYOEPITH	TAGLN	FAIL		0	"""TAGLN"" AND lacrimal AND ""Homo sapiens""[Organism]"	
MYOEPITH	KRT5	FAIL		0	"""KRT5"" AND lacrimal AND ""Homo sapiens""[Organism]"	
MYOEPITH	KRT14	FAIL		1	"""KRT14"" AND lacrimal AND ""Homo sapiens""[Organism]"	
MYOEPITH	TP63	FAIL		3	"""TP63"" AND lacrimal AND ""Homo sapiens""[Organism]"	
MYOEPITH	MYL9	FAIL		0	"""MYL9"" AND lacrimal AND ""Homo sapiens""[Organism]"	
MYOEPITH	LMOD1	FAIL		0	"""LMOD1"" AND lacrimal AND ""Homo sapiens""[Organism]"	
MYOEPITH	PRLR	FAIL		0	"""PRLR"" AND lacrimal AND ""Homo sapiens""[Organism]"	
MYOEPITH	CNGB1	FAIL		1	"""CNGB1"" AND lacrimal AND ""Homo sapiens""[Organism]"	
MYOEPITH	CALD1	FAIL		0	"""CALD1"" AND lacrimal AND ""Homo sapiens""[Organism]"	
MYOEPITH	ACTG2	FAIL		0	"""ACTG2"" AND lacrimal AND ""Homo sapiens""[Organism]"	
MYOEPITH	TPM2	FAIL		3	"""TPM2"" AND lacrimal AND ""Homo sapiens""[Organism]"	
IMMUNE	PTPRC	FAIL		2	"""PTPRC"" AND lacrimal AND ""Homo sapiens""[Organism]"	
IMMUNE	CD3D	FAIL		2	"""CD3D"" AND lacrimal AND ""Homo sapiens""[Organism]"	
IMMUNE	CD3E	FAIL		5	"""CD3E"" AND lacrimal AND ""Homo sapiens""[Organism]"	
IMMUNE	CD68	FAIL		6	"""CD68"" AND lacrimal AND ""Homo sapiens""[Organism]"	
IMMUNE	MS4A1	FAIL		2	"""MS4A1"" AND lacrimal AND ""Homo sapiens""[Organism]"	
IMMUNE	MZB1	FAIL		0	"""MZB1"" AND lacrimal AND ""Homo sapiens""[Organism]"	
IMMUNE	NKG7	FAIL		0	"""NKG7"" AND lacrimal AND ""Homo sapiens""[Organism]"	
IMMUNE	CD74	PASS	37153570	4	"""CD74"" AND lacrimal AND ""Homo sapiens""[Organism]"	
IMMUNE	IL7R	FAIL		3	"""IL7R"" AND lacrimal AND ""Homo sapiens""[Organism]"	
IMMUNE	MNC1	FAIL		0	"""MNC1"" AND lacrimal AND ""Homo sapiens""[Organism]"	
IMMUNE	CCL5	PASS	35295950	7	"""CCL5"" AND lacrimal AND ""Homo sapiens""[Organism]"	
IMMUNE	CSF1R	FAIL		4	"""CSF1R"" AND lacrimal AND ""Homo sapiens""[Organism]"	
ENDO	PECAM1	FAIL		3	"""PECAM1"" AND lacrimal AND ""Homo sapiens""[Organism]"	
ENDO	CLDN5	FAIL		0	"""CLDN5"" AND lacrimal AND ""Homo sapiens""[Organism]"	
ENDO	VWF	FAIL		7	"""VWF"" AND lacrimal AND ""Homo sapiens""[Organism]"	
ENDO	CDH5	FAIL		2	"""CDH5"" AND lacrimal AND ""Homo sapiens""[Organism]"	
ENDO	KDR	FAIL		4	"""KDR"" AND lacrimal AND ""Homo sapiens""[Organism]"	
ENDO	ESAM	FAIL		1	"""ESAM"" AND lacrimal AND ""Homo sapiens""[Organism]"	
ENDO	RAMP2	FAIL		0	"""RAMP2"" AND lacrimal AND ""Homo sapiens""[Organism]"	
NEUROGLIA	PLP1	FAIL		2	"""PLP1"" AND lacrimal AND ""Homo sapiens""[Organism]"	
NEUROGLIA	S100B	FAIL		4	"""S100B"" AND lacrimal AND ""Homo sapiens""[Organism]"	
NEUROGLIA	SOX10	FAIL		3	"""SOX10"" AND lacrimal AND ""Homo sapiens""[Organism]"	
NEUROGLIA	MAG	FAIL		5	"""MAG"" AND lacrimal AND ""Homo sapiens""[Organism]"	
NEUROGLIA	ST8SIA3	FAIL		0	"""ST8SIA3"" AND lacrimal AND ""Homo sapiens""[Organism]"	
NEUROGLIA	NGFR	FAIL		2	"""NGFR"" AND lacrimal AND ""Homo sapiens""[Organism]"	
NEUROGLIA	GFAP	FAIL		8	"""GFAP"" AND lacrimal AND ""Homo sapiens""[Organism]"	
NEUROGLIA	S100A4	FAIL		0	"""S100A4"" AND lacrimal AND ""Homo sapiens""[Organism]"	
STROMA	DCN	FAIL		1	"""DCN"" AND lacrimal AND ""Homo sapiens""[Organism]"	
STROMA	LUM	FAIL		6	"""LUM"" AND lacrimal AND ""Homo sapiens""[Organism]"	
STROMA	COL1A1	FAIL		9	"""COL1A1"" AND lacrimal AND ""Homo sapiens""[Organism]"	
STROMA	COL1A2	FAIL		4	"""COL1A2"" AND lacrimal AND ""Homo sapiens""[Organism]"	
STROMA	FBN1	FAIL		4	"""FBN1"" AND lacrimal AND ""Homo sapiens""[Organism]"	
STROMA	PDGFRB	FAIL		1	"""PDGFRB"" AND lacrimal AND ""Homo sapiens""[Organism]"	
STROMA	MMP2	FAIL		8	"""MMP2"" AND lacrimal AND ""Homo sapiens""[Organism]"	
