cluster_id	member	n_cells	cand_canon	n_shared	shared_genes	alias_rows	lit_papers_n	lit_pmids
Q1::8	Q1	1056	BC	1	VSX1	retina_interneuron::BC	0	
Q1::12	Q1	810	BC	2	ISL1;TRPM1	retina_interneuron::BC;BC	2	34006945;40050124
Q1::12	Q1	810	HC	1	ISL1	HC;retina_interneuron::HC	2	34006945;37156914
Q1::10	Q1	730	Cone	2	PDE6H;ARR3	Cone;retina_interneuron::Cone	2	34006945;40531615
Q1::2	Q1	636	MG	2	VIM;GLUL	MG;retina_interneuron::MG	2	34006945;40448612
Q1::2	Q1	636	Mac_DAM_LAM	2	APOE;SPP1	Mac_DAM_LAM	2	34006945;37156914
Q1::2	Q1	636	Astro	1	VIM	Astro;retina_interneuron::Astro	2	35212809;36277849
Q1::11	Q1	549	MG	2	GLUL;VIM	MG;retina_interneuron::MG	2	34006945;40448612
Q1::11	Q1	549	Mac_DAM_LAM	2	SPP1;APOE	Mac_DAM_LAM	2	34006945;37156914
Q1::11	Q1	549	Astro	1	VIM	Astro;retina_interneuron::Astro	2	35212809;36277849
Q1::11	Q1	549	Fibroblast	1	PTGDS	Fibroblast	0	
Q1::5	Q1	545	MG	2	VIM;GLUL	MG;retina_interneuron::MG	2	34006945;40448612
Q1::5	Q1	545	Astro	1	VIM	Astro;retina_interneuron::Astro	2	35212809;36277849
Q1::5	Q1	545	Fibroblast	1	PTGDS	Fibroblast	2	35269428;36231108
Q1::5	Q1	545	Mac_DAM_LAM	1	APOE	Mac_DAM_LAM	0	
Q1::7	Q1	391	MG	2	GLUL;VIM	MG;retina_interneuron::MG	2	34006945;40448612
Q1::7	Q1	391	Astro	1	VIM	Astro;retina_interneuron::Astro	2	35212809;36277849
Q1::7	Q1	391	Fibroblast	1	PTGDS	Fibroblast	2	35269428;36231108
Q1::7	Q1	391	Mac_DAM_LAM	1	APOE	Mac_DAM_LAM	0	
Q1::15	Q1	347	BC	2	GRM6;TRPM1	retina_interneuron::BC;BC	2	34006945;40050124
Q1::17	Q1	138	APC_MHCII_high	5	CD74;HLA-DRA;HLA-DPA1;HLA-DRB1;RGS1	APC_MHCII_high	2	35615708;37272764
Q1::17	Q1	138	Mac_Tissue	2	C1QB;C1QA	Mac_Tissue	2	34006945;34341398
Q1::17	Q1	138	Micro	1	C1QB	Micro;retina_interneuron::Micro	2	34006945;35212809
Q1::17	Q1	138	cDC2	1	HLA-DRA	cDC2	0	
Q1::16	Q1	105	RGC	1	NEFL	RGC;retina_interneuron::RGC	2	34946963;37880369
Q2::8	Q2	13606	Rod	3	RHO;GNAT1;NRL	Rod;retina_interneuron::Rod	2	34006945;36261438
Q2::7	Q2	8935	Rod	2	RHO;GNAT1	Rod;retina_interneuron::Rod	2	34006945;36261438
Q2::2	Q2	7397	MG	2	VIM;GLUL	MG;retina_interneuron::MG	2	34006945;40448612
Q2::2	Q2	7397	Astro	1	VIM	Astro;retina_interneuron::Astro	2	35212809;36277849
Q2::2	Q2	7397	Fibroblast	1	PTGDS	Fibroblast	2	35269428;36231108
Q2::2	Q2	7397	Mac_DAM_LAM	1	APOE	Mac_DAM_LAM	0	
Q2::3	Q2	7197	Mac_DAM_LAM	2	SPP1;APOE	Mac_DAM_LAM	2	34006945;37156914
Q2::3	Q2	7197	Fibroblast	1	PTGDS	Fibroblast	2	35269428;36231108
Q2::3	Q2	7197	MG	1	GLUL	MG;retina_interneuron::MG	2	34006945;40448612
Q2::0	Q2	5880	MG	2	VIM;GLUL	MG;retina_interneuron::MG	2	34006945;40448612
Q2::0	Q2	5880	Astro	1	VIM	Astro;retina_interneuron::Astro	2	35212809;36277849
Q2::0	Q2	5880	Mac_DAM_LAM	1	SPP1	Mac_DAM_LAM	2	34006945;37156914
Q2::9	Q2	5783	BC	2	VSX1;TRPM1	retina_interneuron::BC	0	
Q2::6	Q2	5200	Rod	3	RHO;NRL;GNAT1	Rod;retina_interneuron::Rod	2	34006945;36261438
Q2::11	Q2	5135	BC	2	WFDC1;GRIK1	retina_interneuron::BC	0	
Q2::13	Q2	4494	BC	1	GRIK1	retina_interneuron::BC	0	
Q2::1	Q2	3372	MG	2	VIM;GLUL	MG;retina_interneuron::MG	2	34006945;40448612
Q2::1	Q2	3372	Astro	1	VIM	Astro;retina_interneuron::Astro	2	35212809;36277849
Q2::1	Q2	3372	Fibroblast	1	PTGDS	Fibroblast	2	35269428;36231108
Q2::1	Q2	3372	Mac_DAM_LAM	1	APOE	Mac_DAM_LAM	0	
Q2::14	Q2	2289	RPE	1	TTR	RPE;retina_interneuron::RPE	2	34977041;38528525
Q2::27	Q2	1826	Cone	2	PDE6H;ARR3	Cone;retina_interneuron::Cone	2	34006945;40531615
Q2::27	Q2	1826	RPE	1	TTR	RPE;retina_interneuron::RPE	2	34977041;38528525
Q2::23	Q2	1690	APC_MHCII_high	5	CD74;HLA-DRA;HLA-DPA1;HLA-DPB1;HLA-DRB1	APC_MHCII_high	2	35615708;37272764
Q2::23	Q2	1690	Mac_Tissue	1	C1QB	Mac_Tissue	2	34006945;34341398
Q2::23	Q2	1690	Micro	1	C1QB	Micro;retina_interneuron::Micro	2	34006945;35212809
Q2::23	Q2	1690	cDC2	1	HLA-DRA	cDC2	0	
Q2::4	Q2	1576	MG	2	VIM;GLUL	MG;retina_interneuron::MG	2	34006945;40448612
Q2::4	Q2	1576	Mac_DAM_LAM	2	APOE;SPP1	Mac_DAM_LAM	2	34006945;37156914
Q2::4	Q2	1576	Astro	1	VIM	Astro;retina_interneuron::Astro	2	35212809;36277849
Q2::4	Q2	1576	Fibroblast	1	PTGDS	Fibroblast	0	
Q2::15	Q2	955	BC	1	VSX1	retina_interneuron::BC	0	
Q2::5	Q2	889	Pericyte	4	IGFBP7;RGS5;CALD1;HIGD1B	Pericyte	2	34006945;41230906
Q2::5	Q2	889	SMC	2	CALD1;MYL9	SMC	2	34006945;37156914
Q2::5	Q2	889	Endo_Patho	1	NDUFA4L2	Endo_Patho	2	34006945;35212809
Q2::5	Q2	889	Myofibroblast	1	MYL9	Myofibroblast	0	
Q2::22	Q2	728	MG	2	GLUL;VIM	MG;retina_interneuron::MG	2	34006945;40448612
Q2::22	Q2	728	Astro	1	VIM	Astro;retina_interneuron::Astro	2	35212809;36277849
Q2::22	Q2	728	Fibroblast	1	PTGDS	Fibroblast	2	35269428;36231108
Q2::18	Q2	669	Rod	2	RHO;GNAT1	Rod;retina_interneuron::Rod	2	34006945;36261438
Q2::21	Q2	584	RGC	1	NEFL	RGC;retina_interneuron::RGC	2	34946963;37880369
Q2::24	Q2	412	Endo	1	CLDN5	Endo	2	34381080;42194275
Q2::24	Q2	412	Pericyte	1	IGFBP7	Pericyte	2	34006945;41230906
Q2::26	Q2	120	Cone	2	PDE6H;ARR3	Cone;retina_interneuron::Cone	2	34006945;40531615
Q3::0	Q3	6214	Rod	1	NR2E3	Rod;retina_interneuron::Rod	2	34006945;36261438
Q3::7	Q3	3028	MG	3	VIM;GLUL;RLBP1	MG;retina_interneuron::MG	2	34006945;40448612
Q3::7	Q3	3028	Astro	1	VIM	Astro;retina_interneuron::Astro	2	35212809;36277849
Q3::7	Q3	3028	Fibroblast	1	PTGDS	Fibroblast	2	35269428;36231108
Q3::7	Q3	3028	Mac_DAM_LAM	1	APOE	Mac_DAM_LAM	0	
Q3::13	Q3	1637	Mac_DAM_LAM	1	FTH1	Mac_DAM_LAM	2	34006945;37156914
Q3::13	Q3	1637	RGC	1	NEFL	RGC;retina_interneuron::RGC	2	34946963;37880369
Q3::13	Q3	1637	Rod	1	RHO	Rod;retina_interneuron::Rod	2	34006945;36261438
Q3::15	Q3	1448	Rod	2	NR2E3;RHO	Rod;retina_interneuron::Rod	2	34006945;36261438
Q3::15	Q3	1448	Cone	1	PDE6H	Cone;retina_interneuron::Cone	2	34006945;40531615
Q3::4	Q3	1338	BC	2	TRPM1;GRM6	retina_interneuron::BC;BC	2	34006945;40050124
Q3::5	Q3	1061	BC	2	TMEM215;GRIK1	retina_interneuron::BC	0	
Q3::8	Q3	918	MG	2	GLUL;VIM	MG;retina_interneuron::MG	2	34006945;40448612
Q3::8	Q3	918	Mac_DAM_LAM	2	SPP1;APOE	Mac_DAM_LAM	2	34006945;37156914
Q3::8	Q3	918	Astro	1	VIM	Astro;retina_interneuron::Astro	2	35212809;36277849
Q3::8	Q3	918	Fibroblast	1	PTGDS	Fibroblast	0	
Q3::2	Q3	769	Rod	1	RHO	Rod;retina_interneuron::Rod	2	34006945;36261438
Q3::6	Q3	744	MG	2	GLUL;VIM	MG;retina_interneuron::MG	2	34006945;40448612
Q3::6	Q3	744	Astro	1	VIM	Astro;retina_interneuron::Astro	2	35212809;36277849
Q3::6	Q3	744	Fibroblast	1	PTGDS	Fibroblast	2	35269428;36231108
Q3::6	Q3	744	Mac_DAM_LAM	1	APOE	Mac_DAM_LAM	0	
Q3::9	Q3	639	BC	3	TRPM1;VSX1;TMEM215	retina_interneuron::BC	0	
Q3::1	Q3	615	Rod	2	RHO;NR2E3	Rod;retina_interneuron::Rod	2	34006945;36261438
Q3::10	Q3	608	MG	1	GLUL	MG;retina_interneuron::MG	2	34006945;40448612
Q3::10	Q3	608	Mac_DAM_LAM	1	APOE	Mac_DAM_LAM	2	34006945;37156914
Q3::11	Q3	241	HC	3	ONECUT2;SLC4A3;ONECUT1	retina_interneuron::HC;HC	2	34006945;37156914
Q3::11	Q3	241	AC	1	ONECUT2	AC;retina_interneuron::AC	2	34006945;35615708
Q3::12	Q3	209	Cone	2	ARR3;PDE6H	Cone;retina_interneuron::Cone	2	34006945;40531615
Q3::14	Q3	114	APC_MHCII_high	1	CD74	APC_MHCII_high	2	35615708;37272764
Q4::16	Q4	6316	RGC	1	NEFL	RGC;retina_interneuron::RGC	2	34946963;37880369
Q4::24	Q4	5711	BC	3	TRPM1;VSX1;BCAT1	retina_interneuron::BC	0	
Q4::36	Q4	5430	MG	2	GLUL;VIM	MG;retina_interneuron::MG	2	34006945;40448612
Q4::36	Q4	5430	Astro	1	VIM	Astro;retina_interneuron::Astro	2	35212809;36277849
Q4::36	Q4	5430	Fibroblast	1	PTGDS	Fibroblast	2	35269428;36231108
Q4::36	Q4	5430	Mac_DAM_LAM	1	APOE	Mac_DAM_LAM	0	
Q4::0	Q4	5330	AC	2	GAD1;TFAP2A	AC;retina_interneuron::AC	2	34006945;35615708
Q4::0	Q4	5330	HC	1	GAD1	HC;retina_interneuron::HC	2	34006945;37156914
Q4::14	Q4	4250	BC	2	WFDC1;GRIK1	retina_interneuron::BC	0	
Q4::18	Q4	4192	Rod	3	RHO;GNAT1;NRL	Rod;retina_interneuron::Rod	2	34006945;36261438
Q4::35	Q4	3792	MG	2	GLUL;VIM	MG;retina_interneuron::MG	2	34006945;40448612
Q4::35	Q4	3792	Astro	1	VIM	Astro;retina_interneuron::Astro	2	35212809;36277849
Q4::35	Q4	3792	Fibroblast	1	PTGDS	Fibroblast	2	35269428;36231108
Q4::35	Q4	3792	Mac_DAM_LAM	1	APOE	Mac_DAM_LAM	0	
Q4::6	Q4	3667	AC	1	SLC6A9	AC;retina_interneuron::AC	2	34006945;35615708
Q4::23	Q4	3150	BC	1	GRM6	BC;retina_interneuron::BC	2	34006945;40050124
Q4::23	Q4	3150	RPE	1	TTR	RPE;retina_interneuron::RPE	2	34977041;38528525
Q4::30	Q4	3128	MG	2	GLUL;VIM	MG;retina_interneuron::MG	2	34006945;40448612
Q4::30	Q4	3128	Astro	1	VIM	Astro;retina_interneuron::Astro	2	35212809;36277849
Q4::30	Q4	3128	Mac_DAM_LAM	1	SPP1	Mac_DAM_LAM	2	34006945;37156914
Q4::8	Q4	2867	HC	2	ONECUT2;ONECUT1	retina_interneuron::HC;HC	2	34006945;37156914
Q4::8	Q4	2867	AC	1	ONECUT2	AC;retina_interneuron::AC	2	34006945;35615708
Q4::27	Q4	2850	BC	1	ISL1	BC;retina_interneuron::BC	2	34006945;40050124
Q4::27	Q4	2850	HC	1	ISL1	HC;retina_interneuron::HC	2	34006945;37156914
Q4::38	Q4	2763	Cone	2	PDE6H;ARR3	Cone;retina_interneuron::Cone	2	34006945;40531615
Q4::21	Q4	2393	MG	2	VIM;GLUL	MG;retina_interneuron::MG	2	34006945;40448612
Q4::21	Q4	2393	Astro	1	VIM	Astro;retina_interneuron::Astro	2	35212809;36277849
Q4::21	Q4	2393	Mac_DAM_LAM	1	APOE	Mac_DAM_LAM	2	34006945;37156914
Q4::9	Q4	2288	BC	1	GRIK1	retina_interneuron::BC	0	
Q4::39	Q4	2106	Rod	3	NRL;RHO;GNAT1	Rod;retina_interneuron::Rod	2	34006945;36261438
Q4::20	Q4	1916	MG	2	VIM;GLUL	MG;retina_interneuron::MG	2	34006945;40448612
Q4::20	Q4	1916	Astro	1	VIM	Astro;retina_interneuron::Astro	2	35212809;36277849
Q4::20	Q4	1916	Mac_DAM_LAM	1	SPP1	Mac_DAM_LAM	2	34006945;37156914
Q4::4	Q4	1710	AC	2	GAD1;C1QL2	retina_interneuron::AC;AC	2	34006945;35615708
Q4::4	Q4	1710	HC	1	GAD1	HC;retina_interneuron::HC	2	34006945;37156914
Q4::10	Q4	1659	RGC	1	NEFL	RGC;retina_interneuron::RGC	2	34946963;37880369
Q4::11	Q4	1409	RGC	1	NEFL	RGC;retina_interneuron::RGC	2	34946963;37880369
Q4::3	Q4	1368	AC	1	SLC6A9	AC;retina_interneuron::AC	2	34006945;35615708
Q4::32	Q4	1286	MG	2	VIM;GLUL	MG;retina_interneuron::MG	2	34006945;40448612
Q4::32	Q4	1286	Mac_DAM_LAM	2	APOE;SPP1	Mac_DAM_LAM	2	34006945;37156914
Q4::32	Q4	1286	Astro	1	VIM	Astro;retina_interneuron::Astro	2	35212809;36277849
Q4::32	Q4	1286	Fibroblast	1	PTGDS	Fibroblast	0	
Q4::31	Q4	1149	Astro	2	GFAP;VIM	Astro;retina_interneuron::Astro	2	35212809;36277849
Q4::31	Q4	1149	MG	2	VIM;GLUL	MG;retina_interneuron::MG	2	34006945;40448612
Q4::26	Q4	1112	BC	1	TRPM1	retina_interneuron::BC	0	
Q4::7	Q4	1103	RGC	1	NEFL	RGC;retina_interneuron::RGC	2	34946963;37880369
Q4::13	Q4	1082	MG	2	GLUL;VIM	MG;retina_interneuron::MG	2	34006945;40448612
Q4::13	Q4	1082	Astro	1	VIM	Astro;retina_interneuron::Astro	2	35212809;36277849
Q4::13	Q4	1082	Endo_Patho	1	NDUFA4L2	Endo_Patho	2	34006945;35212809
Q4::13	Q4	1082	Fibroblast	1	PTGDS	Fibroblast	0	
Q4::13	Q4	1082	Mac_DAM_LAM	1	APOE	Mac_DAM_LAM	0	
Q4::19	Q4	925	BC	1	VSX1	retina_interneuron::BC	0	
Q4::37	Q4	887	Fibroblast	1	PTGDS	Fibroblast	2	35269428;36231108
Q4::37	Q4	887	MG	1	GLUL	MG;retina_interneuron::MG	2	34006945;40448612
Q4::37	Q4	887	Mac_DAM_LAM	1	APOE	Mac_DAM_LAM	2	34006945;37156914
Q4::25	Q4	840	BC	1	VSX1	retina_interneuron::BC	0	
Q4::33	Q4	658	APC_MHCII_high	5	CD74;HLA-DRA;HLA-DRB1;HLA-DPA1;HLA-DPB1	APC_MHCII_high	2	35615708;37272764
Q4::33	Q4	658	Mac_DAM_LAM	2	SPP1;CCL3	Mac_DAM_LAM	2	34006945;37156914
Q4::33	Q4	658	Mac_Tissue	1	C1QB	Mac_Tissue	0	
Q4::33	Q4	658	Micro	1	C1QB	Micro;retina_interneuron::Micro	2	34006945;35212809
Q4::33	Q4	658	cDC2	1	HLA-DRA	cDC2	0	
Q4::5	Q4	617	AC	1	GAD1	AC;retina_interneuron::AC	2	34006945;35615708
Q4::5	Q4	617	HC	1	GAD1	HC;retina_interneuron::HC	2	34006945;37156914
Q4::29	Q4	545	BC	2	TRPM1;GRM6	retina_interneuron::BC;BC	2	34006945;40050124
Q4::17	Q4	509	RGC	1	NEFL	RGC;retina_interneuron::RGC	2	34946963;37880369
Q4::12	Q4	428	RGC	1	NEFL	RGC;retina_interneuron::RGC	2	34946963;37880369
Q4::34	Q4	404	Pericyte	3	IGFBP7;RGS5;CALD1	Pericyte	2	34006945;41230906
Q4::34	Q4	404	SMC	1	CALD1	SMC	2	34006945;37156914
Q5b::3	Q5b	4501	Rod	2	RHO;NRL	Rod;retina_interneuron::Rod	2	34006945;36261438
Q5b::7	Q5b	3337	Rod	2	RHO;NRL	Rod;retina_interneuron::Rod	2	34006945;36261438
Q5b::1	Q5b	3324	Rod	2	RHO;NRL	Rod;retina_interneuron::Rod	2	34006945;36261438
Q5b::6	Q5b	2970	Rod	2	RHO;NRL	Rod;retina_interneuron::Rod	2	34006945;36261438
Q5b::0	Q5b	2705	Rod	2	RHO;NRL	Rod;retina_interneuron::Rod	2	34006945;36261438
Q5b::24	Q5b	2439	Rod	2	RHO;NRL	Rod;retina_interneuron::Rod	2	34006945;36261438
Q5b::4	Q5b	2438	Rod	2	RHO;NRL	Rod;retina_interneuron::Rod	2	34006945;36261438
Q5b::14	Q5b	2165	BC	4	ADGRL2;GABRR2;VSX1;MCC	retina_interneuron::BC	0	
Q5b::10	Q5b	2128	BC	3	DGKB;TENM3;SLC24A3	retina_interneuron::BC	0	
Q5b::10	Q5b	2128	AC	1	ZNF804A	retina_interneuron::AC	0	
Q5b::46	Q5b	2067	Astro	1	SLC1A3	Astro;retina_interneuron::Astro	2	35212809;36277849
Q5b::46	Q5b	2067	MG	1	GLUL	MG;retina_interneuron::MG	2	34006945;40448612
Q5b::46	Q5b	2067	Mac_DAM_LAM	1	APOE	Mac_DAM_LAM	2	34006945;37156914
Q5b::18	Q5b	2031	Cone	2	ARR3;PDE6H	Cone;retina_interneuron::Cone	2	34006945;40531615
Q5b::17	Q5b	1892	BC	5	PRKCA;ADGRL2;GRM5;NTNG1;GRM6	retina_interneuron::BC;BC	2	34006945;40050124
Q5b::31	Q5b	1681	AC	3	GRM8;SNTG1;CNTN5	retina_interneuron::AC	0	
Q5b::5	Q5b	1499	MG	2	GLUL;RLBP1	MG;retina_interneuron::MG	2	34006945;40448612
Q5b::19	Q5b	1471	HC	5	FRMPD4;PCSK6;CACNA1C;TNR;VAT1L	retina_interneuron::HC	0	
Q5b::27	Q5b	1292	AC	1	OLFM3	retina_interneuron::AC	0	
Q5b::33	Q5b	1262	AC	2	ZNF804A;ZFPM2	retina_interneuron::AC	0	
Q5b::16	Q5b	1235	BC	3	TENM3;SLC24A3;DGKB	retina_interneuron::BC	0	
Q5b::8	Q5b	1174	Rod	1	RHO	Rod;retina_interneuron::Rod	2	34006945;36261438
Q5b::36	Q5b	1093	AC	5	SNTG1;CUX2;GREB1L;DCC;GRM8	retina_interneuron::AC	0	
Q5b::25	Q5b	1092	AC	1	ROBO1	retina_interneuron::AC	0	
Q5b::30	Q5b	1076	AC	3	CNTN5;CUX2;GRM8	retina_interneuron::AC	0	
Q5b::21	Q5b	930	AC	2	ZNF804A;SNTG1	retina_interneuron::AC	0	
Q5b::21	Q5b	930	BC	2	ADGRL2;GRM6	retina_interneuron::BC;BC	2	34006945;40050124
Q5b::45	Q5b	919	AC	2	GRIK2;SNTG1	retina_interneuron::AC	0	
Q5b::42	Q5b	915	AC	3	ZNF804A;GRIK2;SLC35F3	retina_interneuron::AC	0	
Q5b::37	Q5b	874	AC	3	GREB1L;SNTG1;CUX2	retina_interneuron::AC	0	
Q5b::37	Q5b	874	BC	1	TENM3	retina_interneuron::BC	0	
Q5b::22	Q5b	854	BC	3	NTNG1;NXPH2;DGKB	retina_interneuron::BC	0	
Q5b::22	Q5b	854	AC	1	NXPH2	retina_interneuron::AC	0	
Q5b::26	Q5b	835	Cone	1	ARR3	Cone;retina_interneuron::Cone	2	34006945;40531615
Q5b::11	Q5b	734	BC	4	ADGRL2;DGKB;GRM6;ST18	retina_interneuron::BC;BC	2	34006945;40050124
Q5b::38	Q5b	713	AC	2	GRIK2;ZNF804A	retina_interneuron::AC	0	
Q5b::38	Q5b	713	BC	1	SLC24A3	retina_interneuron::BC	0	
Q5b::35	Q5b	694	AC	1	GRM8	retina_interneuron::AC	0	
Q5b::23	Q5b	652	BC	3	TENM3;DGKB;NTNG1	retina_interneuron::BC	0	
Q5b::2	Q5b	650	Rod	2	RHO;NRL	Rod;retina_interneuron::Rod	2	34006945;36261438
Q5b::32	Q5b	618	AC	2	GRM8;FGF13	retina_interneuron::AC	0	
Q5b::43	Q5b	612	BC	3	DGKB;TENM3;SLC24A3	retina_interneuron::BC	0	
Q5b::43	Q5b	612	AC	1	ZNF804A	retina_interneuron::AC	0	
Q5b::9	Q5b	607	Rod	1	RHO	Rod;retina_interneuron::Rod	2	34006945;36261438
Q5b::15	Q5b	579	BC	4	ADGRL2;GABRR2;VSX1;MCC	retina_interneuron::BC	0	
Q5b::41	Q5b	461	AC	2	SNTG1;GREB1L	retina_interneuron::AC	0	
Q5b::44	Q5b	390	AC	1	OLFM3	retina_interneuron::AC	0	
Q5b::28	Q5b	376	BC	4	ADGRL2;MCC;GABRR2;VSX1	retina_interneuron::BC	0	
Q5b::20	Q5b	267	HC	5	FRMPD4;PCSK6;CACNA1C;TNR;VAT1L	retina_interneuron::HC	0	
Q5b::29	Q5b	203	BC	5	NTNG1;ADGRL2;GRM5;GRM6;DGKB	retina_interneuron::BC;BC	2	34006945;40050124
Q5b::40	Q5b	202	AC	1	GAD1	AC;retina_interneuron::AC	2	34006945;35615708
Q5b::40	Q5b	202	HC	1	GAD1	HC;retina_interneuron::HC	2	34006945;37156914
Q5b::39	Q5b	132	Astro	1	SLC1A3	Astro;retina_interneuron::Astro	2	35212809;36277849
Q6::13	Q6	7357	Astro	1	VIM	Astro;retina_interneuron::Astro	2	41856199;41892278
Q6::13	Q6	7357	Keratocytes	1	NNMT	Keratocytes	0	
Q6::13	Q6	7357	MG	1	VIM	MG;retina_interneuron::MG	2	37443842;40448612
Q6::13	Q6	7357	Pericyte	1	MGP	Pericyte	2	40449651;41230906
Q6::15	Q6	7128	Keratocytes	3	ALDH3A1;KERA;NNMT	Keratocytes	2	34381080;37443842
Q6::15	Q6	7128	Astro	1	VIM	Astro;retina_interneuron::Astro	2	41856199;41892278
Q6::15	Q6	7128	MG	1	VIM	MG;retina_interneuron::MG	2	37443842;40448612
Q6::24	Q6	6565	Myofibroblast	4	TAGLN;TPM2;ACTA2;MYL9	Myofibroblast	2	38177186;40402520
Q6::24	Q6	6565	SMC	3	TAGLN;ACTA2;MYL9	SMC	2	37389178;37443842
Q6::24	Q6	6565	Astro	1	VIM	Astro;retina_interneuron::Astro	0	
Q6::24	Q6	6565	MG	1	VIM	MG;retina_interneuron::MG	2	37443842;40448612
Q6::6	Q6	6385	Keratocytes	1	ALDH3A1	Keratocytes	2	34381080;37443842
Q6::6	Q6	6385	Mac_DAM_LAM	1	FTH1	Mac_DAM_LAM	2	37443842;39422453
Q6::11	Q6	5140	APC_MHCII_high	2	CD74;HLA-DRB1	APC_MHCII_high	2	35615708;37443842
Q6::11	Q6	5140	Endo	1	ADGRL4	Endo	2	34381080;36712326
Q6::11	Q6	5140	pDC	1	TCF4	pDC	2	37443842;39422453
Q6::21	Q6	4897	Keratocytes	1	KERA	Keratocytes	2	34381080;37443842
Q6::20	Q6	4542	Keratocytes	1	ALDH3A1	Keratocytes	2	34381080;37443842
Q6::2	Q6	3499	Mono_Classical	2	S100A9;S100A8	Mono_Classical	2	37443842;39422453
Q6::19	Q6	2707	Fibroblast	2	COL1A1;COL1A2	Fibroblast	2	40402520;40576432
Q6::19	Q6	2707	Myofibroblast	2	COL1A1;COL1A2	Myofibroblast	2	38177186;40402520
Q6::19	Q6	2707	Pericyte	2	COL1A2;MGP	Pericyte	2	40449651;41230906
Q6::19	Q6	2707	Astro	1	VIM	Astro;retina_interneuron::Astro	0	
Q6::19	Q6	2707	MG	1	VIM	MG;retina_interneuron::MG	0	
Q6::14	Q6	1931	Keratocytes	1	NNMT	Keratocytes	2	34381080;37443842
Q6::18	Q6	1672	Pericyte	1	MGP	Pericyte	2	40449651;41230906
Q6::3	Q6	1552	Mono_Classical	2	S100A9;S100A8	Mono_Classical	2	37443842;39422453
Q6::22	Q6	1521	Astro	1	VIM	Astro;retina_interneuron::Astro	2	41856199;41892278
Q6::22	Q6	1521	Fibroblast	1	COL1A2	Fibroblast	0	
Q6::22	Q6	1521	Keratocytes	1	KERA	Keratocytes	0	
Q6::22	Q6	1521	MG	1	VIM	MG;retina_interneuron::MG	2	37443842;40448612
Q6::22	Q6	1521	Myofibroblast	1	COL1A2	Myofibroblast	0	
Q6::22	Q6	1521	Pericyte	1	COL1A2	Pericyte	2	40449651;41230906
Q6::33	Q6	1339	Fibroblast	2	COL1A1;COL1A2	Fibroblast	2	40402520;40576432
Q6::33	Q6	1339	Myofibroblast	2	COL1A1;COL1A2	Myofibroblast	2	38177186;40402520
Q6::33	Q6	1339	Keratocytes	1	KERA	Keratocytes	0	
Q6::33	Q6	1339	Pericyte	1	COL1A2	Pericyte	2	40449651;41230906
Q6::16	Q6	1293	Astro	1	VIM	Astro;retina_interneuron::Astro	2	41856199;41892278
Q6::16	Q6	1293	MG	1	VIM	MG;retina_interneuron::MG	2	37443842;40448612
Q6::25	Q6	1285	Astro	1	VIM	Astro;retina_interneuron::Astro	2	41856199;41892278
Q6::25	Q6	1285	BC	1	TRPM1	retina_interneuron::BC	0	
Q6::25	Q6	1285	MG	1	VIM	MG;retina_interneuron::MG	2	37443842;40448612
Q6::25	Q6	1285	Mac_DAM_LAM	1	APOE	Mac_DAM_LAM	0	
Q6::25	Q6	1285	RPE	1	MITF	RPE;retina_interneuron::RPE	2	34977041;40882639
Q6::28	Q6	1283	Keratocytes	3	KERA;ALDH3A1;NNMT	Keratocytes	2	34381080;37443842
Q6::31	Q6	1203	Pericyte	1	MGP	Pericyte	2	40449651;41230906
Q6::17	Q6	982	Astro	1	VIM	Astro;retina_interneuron::Astro	2	41856199;41892278
Q6::17	Q6	982	MG	1	VIM	MG;retina_interneuron::MG	2	37443842;40448612
Q6::8	Q6	972	BC	1	SAMSN1	retina_interneuron::BC	0	
Q6::8	Q6	972	T	1	IL7R	T	2	37156914;40882639
Q6::26	Q6	885	APC_MHCII_high	3	HLA-DRA;CD74;HLA-DRB1	APC_MHCII_high	2	35615708;37443842
Q6::26	Q6	885	Mac_DAM_LAM	2	CCL3;CCL4	Mac_DAM_LAM	2	37443842;39422453
Q6::26	Q6	885	Mono_Nonclassical	1	IL1B	Mono_Nonclassical	2	37443842;39422453
Q6::26	Q6	885	cDC2	1	HLA-DRA	cDC2	0	
Q6::7	Q6	601	Endo	2	CLDN5;GNG11	Endo	2	34381080;36712326
Q6::7	Q6	601	Astro	1	VIM	Astro;retina_interneuron::Astro	2	41856199;41892278
Q6::7	Q6	601	MG	1	VIM	MG;retina_interneuron::MG	2	37443842;40448612
Q6::32	Q6	471	Myofibroblast	5	TPM1;TAGLN;MYL9;ACTA2;TPM2	Myofibroblast	2	38177186;40402520
Q6::32	Q6	471	SMC	4	TAGLN;MYL9;MYH11;ACTA2	SMC	2	37389178;37443842
Q6::30	Q6	126	Mono_Classical	2	S100A9;S100A8	Mono_Classical	2	37443842;39422453
Q7::29	Q7	7163	BC	3	PRKCA;TRPM1;NTNG1	retina_interneuron::BC	0	
Q7::17	Q7	7073	Rod	2	RHO;GNAT1	Rod;retina_interneuron::Rod	2	38812536;40817252
Q7::1	Q7	5431	BC	3	CDH8;NTNG1;SAMSN1	retina_interneuron::BC	0	
Q7::22	Q7	4864	AC	2	CNTN5;TMEM132D	retina_interneuron::AC	0	
Q7::22	Q7	4864	BC	1	HS3ST4	retina_interneuron::BC	0	
Q7::27	Q7	4197	BC	3	HS3ST4;RELN;GABRR2	retina_interneuron::BC	0	
Q7::27	Q7	4197	AC	1	CHRM3	retina_interneuron::AC	0	
Q7::10	Q7	4045	AC	2	PTPRK;ROBO1	retina_interneuron::AC	0	
Q7::10	Q7	4045	BC	1	ADARB2	retina_interneuron::BC	0	
Q7::35	Q7	3798	Fibroblast	1	THY1	Fibroblast	2	34717927;35859009
Q7::35	Q7	3798	Pericyte	1	THY1	Pericyte	2	41230906;42136644
Q7::23	Q7	3199	BC	2	GRIK1;SAMSN1	retina_interneuron::BC	0	
Q7::23	Q7	3199	AC	1	CHRM3	retina_interneuron::AC	0	
Q7::38	Q7	2948	BC	2	TRPM1;ISL1	retina_interneuron::BC;BC	2	38623325;38812536
Q7::38	Q7	2948	HC	1	ISL1	HC;retina_interneuron::HC	2	38623325;40251274
Q7::21	Q7	2780	AC	2	CNTN5;TMEM132D	retina_interneuron::AC	0	
Q7::21	Q7	2780	BC	2	ADARB2;SAMSN1	retina_interneuron::BC	0	
Q7::8	Q7	2744	AC	2	GAD1;SLC6A1	retina_interneuron::AC;AC	2	33674582;35212809
Q7::8	Q7	2744	HC	1	GAD1	HC;retina_interneuron::HC	2	38623325;40251274
Q7::6	Q7	2352	MG	2	GLUL;RLBP1	MG;retina_interneuron::MG	2	35148987;40448612
Q7::6	Q7	2352	Mac_DAM_LAM	1	APOE	Mac_DAM_LAM	2	38467611;40251274
Q7::4	Q7	2338	BC	3	PRKCA;TRPM1;NTNG1	retina_interneuron::BC	0	
Q7::49	Q7	2306	Fibroblast	1	THY1	Fibroblast	2	34717927;35859009
Q7::49	Q7	2306	Pericyte	1	THY1	Pericyte	2	41230906;42136644
Q7::26	Q7	2298	BC	2	GRIK1;NTNG1	retina_interneuron::BC	0	
Q7::25	Q7	2293	AC	2	GRIK2;GRM8	retina_interneuron::AC	0	
Q7::34	Q7	2118	Fibroblast	1	THY1	Fibroblast	2	34717927;35859009
Q7::34	Q7	2118	Pericyte	1	THY1	Pericyte	2	41230906;42136644
Q7::41	Q7	1985	Fibroblast	1	THY1	Fibroblast	2	34717927;35859009
Q7::41	Q7	1985	Pericyte	1	THY1	Pericyte	2	41230906;42136644
Q7::43	Q7	1849	Fibroblast	1	THY1	Fibroblast	2	34717927;35859009
Q7::43	Q7	1849	Pericyte	1	THY1	Pericyte	2	41230906;42136644
Q7::15	Q7	1829	AC	1	CNTN5	retina_interneuron::AC	0	
Q7::15	Q7	1829	BC	1	ADARB2	retina_interneuron::BC	0	
Q7::57	Q7	1670	Fibroblast	1	THY1	Fibroblast	2	34717927;35859009
Q7::57	Q7	1670	Pericyte	1	THY1	Pericyte	2	41230906;42136644
Q7::19	Q7	1665	Rod	1	RHO	Rod;retina_interneuron::Rod	2	38812536;40817252
Q7::0	Q7	1613	Rod	2	RHO;GNAT1	Rod;retina_interneuron::Rod	2	38812536;40817252
Q7::40	Q7	1589	BC	2	ADARB2;GRM5	retina_interneuron::BC	0	
Q7::36	Q7	1445	Fibroblast	1	THY1	Fibroblast	2	34717927;35859009
Q7::36	Q7	1445	Pericyte	1	THY1	Pericyte	2	41230906;42136644
Q7::13	Q7	1433	Cone	4	PDE6H;ARR3;OPN1MW;GNAT2	Cone;retina_interneuron::Cone	2	37935630;38467611
Q7::52	Q7	1387	Fibroblast	1	THY1	Fibroblast	2	34717927;35859009
Q7::52	Q7	1387	Pericyte	1	THY1	Pericyte	2	41230906;42136644
Q7::53	Q7	1356	Fibroblast	1	THY1	Fibroblast	2	34717927;35859009
Q7::53	Q7	1356	Pericyte	1	THY1	Pericyte	2	41230906;42136644
Q7::32	Q7	1230	BC	2	GRIK1;OTX2	retina_interneuron::BC;BC	2	38623325;38812536
Q7::30	Q7	1221	BC	2	SAMSN1;ADARB2	retina_interneuron::BC	0	
Q7::30	Q7	1221	AC	1	TMEM132D	retina_interneuron::AC	0	
Q7::46	Q7	1130	Fibroblast	1	THY1	Fibroblast	2	34717927;35859009
Q7::46	Q7	1130	Pericyte	1	THY1	Pericyte	2	41230906;42136644
Q7::12	Q7	1120	AC	3	ROBO1;C1QL2;PTPRK	retina_interneuron::AC	0	
Q7::33	Q7	1112	Fibroblast	1	THY1	Fibroblast	2	34717927;35859009
Q7::33	Q7	1112	Pericyte	1	THY1	Pericyte	2	41230906;42136644
Q7::37	Q7	1074	Fibroblast	1	THY1	Fibroblast	2	34717927;35859009
Q7::37	Q7	1074	Pericyte	1	THY1	Pericyte	2	41230906;42136644
Q7::7	Q7	1073	AC	1	SLC6A9	AC;retina_interneuron::AC	2	33674582;35212809
Q7::48	Q7	857	Rod	1	RHO	Rod;retina_interneuron::Rod	2	38812536;40817252
Q7::62	Q7	719	BC	3	OTX2;TRPM1;ISL1	retina_interneuron::BC;BC	2	38623325;38812536
Q7::62	Q7	719	HC	1	ISL1	HC;retina_interneuron::HC	2	38623325;40251274
Q7::24	Q7	711	AC	2	PTPRK;C1QL2	retina_interneuron::AC	0	
Q7::39	Q7	608	AC	1	SLC6A9	AC;retina_interneuron::AC	2	33674582;35212809
Q7::47	Q7	564	Fibroblast	1	THY1	Fibroblast	2	34717927;35859009
Q7::47	Q7	564	Pericyte	1	THY1	Pericyte	2	41230906;42136644
Q7::50	Q7	563	AC	1	CNTN5	retina_interneuron::AC	0	
Q7::50	Q7	563	Fibroblast	1	THY1	Fibroblast	2	34717927;35859009
Q7::50	Q7	563	Pericyte	1	THY1	Pericyte	2	41230906;42136644
Q7::58	Q7	527	Fibroblast	1	THY1	Fibroblast	2	34717927;35859009
Q7::58	Q7	527	Pericyte	1	THY1	Pericyte	2	41230906;42136644
Q7::44	Q7	519	Pericyte	2	THY1;RGS4	Pericyte	2	41230906;42136644
Q7::44	Q7	519	Fibroblast	1	THY1	Fibroblast	2	34717927;35859009
Q7::20	Q7	485	Rod	1	RHO	Rod;retina_interneuron::Rod	2	38812536;40817252
Q7::3	Q7	470	Mac_Tissue	3	C1QB;C1QA;C1QC	Mac_Tissue	2	38467611;40251274
Q7::3	Q7	470	Microglia	3	HEXB;TYROBP;FCER1G	Microglia	2	37217935;41593663
Q7::3	Q7	470	Micro	1	C1QB	Micro;retina_interneuron::Micro	2	35212809;37217935
Q7::3	Q7	470	Mono_Classical	1	CTSS	Mono_Classical	0	
Q7::64	Q7	458	Fibroblast	1	THY1	Fibroblast	2	34717927;35859009
Q7::64	Q7	458	Pericyte	1	THY1	Pericyte	2	41230906;42136644
Q7::60	Q7	447	BC	1	OTX2	BC;retina_interneuron::BC	2	38623325;38812536
Q7::59	Q7	433	BC	2	VSX1;TRPM1	retina_interneuron::BC	0	
Q7::42	Q7	428	AC	2	GAD1;C1QL2	retina_interneuron::AC;AC	2	33674582;35212809
Q7::42	Q7	428	HC	1	GAD1	HC;retina_interneuron::HC	2	38623325;40251274
Q7::5	Q7	415	Endo	2	FLT1;CLDN5	Endo	2	38623325;38812536
Q7::5	Q7	415	Pericyte	2	IGFBP7;RGS5	Pericyte	2	41230906;42136644
Q7::63	Q7	403	BC	4	TRPM1;ISL1;VSX1;OTX2	retina_interneuron::BC;BC	2	38623325;38812536
Q7::63	Q7	403	HC	1	ISL1	HC;retina_interneuron::HC	2	38623325;40251274
Q7::31	Q7	258	AC	1	GAD1	AC;retina_interneuron::AC	2	33674582;35212809
Q7::31	Q7	258	HC	1	GAD1	HC;retina_interneuron::HC	2	38623325;40251274
Q7::54	Q7	223	BC	2	PRKCA;TRPM1	retina_interneuron::BC	0	
Q7::11	Q7	164	HC	2	GAD1;MEGF11	retina_interneuron::HC;HC	2	38623325;40251274
Q7::11	Q7	164	AC	1	GAD1	AC;retina_interneuron::AC	2	33674582;35212809
Q7::11	Q7	164	Pericyte	1	IGFBP7	Pericyte	2	41230906;42136644
Q7::61	Q7	157	BC	1	SLC24A3	retina_interneuron::BC	0	
Q7::9	Q7	134	AC	2	ROBO1;GAD1	retina_interneuron::AC;AC	2	33674582;35212809
Q7::9	Q7	134	HC	1	GAD1	HC;retina_interneuron::HC	2	38623325;40251274
Q7::14	Q7	133	RPE	2	TTR;RDH5	RPE;retina_interneuron::RPE	2	36293024;38467611
Q7::14	Q7	133	Fibroblast	1	PTGDS	Fibroblast	2	34717927;35859009
Q7::14	Q7	133	Mac_DAM_LAM	1	APOE	Mac_DAM_LAM	2	38467611;40251274
Q7::18	Q7	119	Rod	2	RHO;GNAT1	Rod;retina_interneuron::Rod	2	38812536;40817252
Q8::16	Q8	10475	HC	1	PCDH11X	retina_interneuron::HC	0	
Q8::4	Q8	6242	BC	1	NTNG1	retina_interneuron::BC	0	
Q8::4	Q8	6242	RGC	1	RBPMS	RGC;retina_interneuron::RGC	2	34946963;37880369
Q8::18	Q8	5157	Astro	1	SLC1A3	Astro;retina_interneuron::Astro	2	35212809;36277849
Q8::18	Q8	5157	BC	1	DGKB	retina_interneuron::BC	0	
Q8::18	Q8	5157	HC	1	PCDH11X	retina_interneuron::HC	0	
Q8::17	Q8	4846	HC	1	PCDH11X	retina_interneuron::HC	0	
Q8::6	Q8	4607	RGC	1	RBPMS	RGC;retina_interneuron::RGC	2	34946963;37880369
Q8::26	Q8	4540	AC	2	ONECUT2;ROBO1	retina_interneuron::AC;AC	2	34006945;35615708
Q8::26	Q8	4540	HC	2	ONECUT1;ONECUT2	retina_interneuron::HC;HC	2	34006945;37156914
Q8::26	Q8	4540	BC	1	ADARB2	retina_interneuron::BC	0	
Q8::15	Q8	4024	HC	1	PCDH11X	retina_interneuron::HC	0	
Q8::29	Q8	2679	BC	1	MCC	retina_interneuron::BC	0	
Q8::0	Q8	2535	BC	3	CA10;OTX2;GRIK1	retina_interneuron::BC;BC	2	34006945;40050124
Q8::9	Q8	2516	AC	3	ZNF804A;GRIK2;SLC35F3	retina_interneuron::AC	0	
Q8::13	Q8	2471	AC	2	ZNF804A;DCC	retina_interneuron::AC	0	
Q8::31	Q8	2444	BC	3	GRIK1;ZNF804B;CA10	retina_interneuron::BC	0	
Q8::1	Q8	2416	HC	1	PCDH11X	retina_interneuron::HC	0	
Q8::24	Q8	2346	AC	2	ZNF804A;GRIK2	retina_interneuron::AC	0	
Q8::24	Q8	2346	BC	1	ST18	retina_interneuron::BC	0	
Q8::21	Q8	2329	HC	1	PCDH11X	retina_interneuron::HC	0	
Q8::21	Q8	2329	Proliferating	1	TOP2A	Proliferating	2	34006945;41390488
Q8::3	Q8	2249	BC	1	NTNG1	retina_interneuron::BC	0	
Q8::3	Q8	2249	RGC	1	RBPMS	RGC;retina_interneuron::RGC	2	34946963;37880369
Q8::33	Q8	2022	BC	2	GRIK1;CA10	retina_interneuron::BC	0	
Q8::33	Q8	2022	AC	1	GRIK2	retina_interneuron::AC	0	
Q8::11	Q8	1896	BC	3	NETO1;CA10;ZNF804B	retina_interneuron::BC	0	
Q8::23	Q8	1830	AC	3	DCC;GRM8;SNTG1	retina_interneuron::AC	0	
Q8::7	Q8	1722	AC	2	DCC;ZNF804A	retina_interneuron::AC	0	
Q8::22	Q8	1618	AC	1	DCC	retina_interneuron::AC	0	
Q8::22	Q8	1618	BC	1	ADARB2	retina_interneuron::BC	0	
Q8::25	Q8	1599	AC	1	ROBO1	retina_interneuron::AC	0	
Q8::25	Q8	1599	BC	1	ADARB2	retina_interneuron::BC	0	
Q8::25	Q8	1599	HC	1	PCDH11X	retina_interneuron::HC	0	
Q8::20	Q8	1556	AC	2	GRM8;SNTG1	retina_interneuron::AC	0	
Q8::12	Q8	1248	BC	2	ZNF804B;CA10	retina_interneuron::BC	0	
Q8::8	Q8	1191	AC	3	ZNF804A;GRIK2;TMEM132D	retina_interneuron::AC	0	
Q8::8	Q8	1191	BC	1	SLC24A3	retina_interneuron::BC	0	
Q8::5	Q8	1102	RGC	1	RBPMS	RGC;retina_interneuron::RGC	2	34946963;37880369
Q8::27	Q8	870	BC	1	RELN	retina_interneuron::BC	0	
Q8::19	Q8	735	AC	1	ROBO1	retina_interneuron::AC	0	
Q8::32	Q8	457	BC	2	ADARB2;HS3ST4	retina_interneuron::BC	0	
Q8::34	Q8	264	BC	1	RELN	retina_interneuron::BC	0	
Q8::28	Q8	137	Astro	1	SLC1A3	Astro;retina_interneuron::Astro	2	35212809;36277849
Q8::28	Q8	137	B	1	PAX5	B	2	34006945;35615708
Q9::0	Q9	1619	Fibroblast	1	FN1	Fibroblast	2	35269428;36231108
Q9::0	Q9	1619	Mac_DAM_LAM	1	SPP1	Mac_DAM_LAM	0	
Q9::0	Q9	1619	Mono_Classical	1	S100A8	Mono_Classical	2	34006945;37272764
Q9::0	Q9	1619	Myofibroblast	1	FN1	Myofibroblast	2	33022222;36231108
Q9::10	Q9	908	APC_MHCII_high	4	HLA-DRA;RGS1;HLA-DRB1;HLA-DQA1	APC_MHCII_high	2	35615708;37272764
Q9::10	Q9	908	Mac_DAM_LAM	2	CCL3;CCL4	Mac_DAM_LAM	2	34006945;37156914
Q9::10	Q9	908	Mono_Classical	1	CD14	Mono_Classical	2	34006945;37272764
Q9::10	Q9	908	cDC2	1	HLA-DRA	cDC2	0	
Q9::2	Q9	868	Mac_DAM_LAM	2	CCL4;SPP1	Mac_DAM_LAM	2	34006945;37156914
Q9::2	Q9	868	Fibroblast	1	FN1	Fibroblast	2	35269428;36231108
Q9::2	Q9	868	Mono_Classical	1	S100A8	Mono_Classical	0	
Q9::2	Q9	868	Myofibroblast	1	FN1	Myofibroblast	2	33022222;36231108
Q9::6	Q9	857	Mac_DAM_LAM	6	CTSD;HMOX1;GPNMB;LGMN;FTL;APOE	Mac_DAM_LAM	2	34006945;37156914
Q9::6	Q9	857	Mac_Tissue	2	SLC40A1;SELENOP	Mac_Tissue	2	34006945;34341398
Q9::6	Q9	857	APC_MHCII_high	1	HLA-DRA	APC_MHCII_high	2	35615708;37272764
Q9::6	Q9	857	cDC2	1	HLA-DRA	cDC2	0	
Q9::11	Q9	739	Mac_DAM_LAM	6	SPP1;HMOX1;CCL3;CCL4;APOE;CTSD	Mac_DAM_LAM	2	34006945;37156914
Q9::11	Q9	739	APC_MHCII_high	1	HLA-DRA	APC_MHCII_high	2	35615708;37272764
Q9::11	Q9	739	cDC2	1	HLA-DRA	cDC2	2	37156914;37880369
Q9::13	Q9	671	APC_MHCII_high	4	HLA-DRA;HLA-DQA1;HLA-DRB1;RGS1	APC_MHCII_high	2	35615708;37272764
Q9::13	Q9	671	Mono_Classical	2	LYZ;MNDA	Mono_Classical	2	34006945;37272764
Q9::13	Q9	671	cDC2	2	HLA-DRA;FCER1A	cDC2	2	37156914;37880369
Q9::13	Q9	671	T	1	CD69	T	0	
Q9::9	Q9	670	Mac_Tissue	6	SELENOP;SLC40A1;FOLR2;MRC1;F13A1;STAB1	Mac_Tissue	2	34006945;34341398
Q9::9	Q9	670	APC_MHCII_high	1	HLA-DRA	APC_MHCII_high	0	
Q9::9	Q9	670	Mac_DAM_LAM	1	LGMN	Mac_DAM_LAM	2	34006945;37156914
Q9::9	Q9	670	Mono_Classical	1	CD14	Mono_Classical	2	34006945;37272764
Q9::9	Q9	670	cDC2	1	HLA-DRA	cDC2	0	
Q9::12	Q9	623	Mono_Classical	7	FCN1;LYZ;S100A8;S100A9;VCAN;MNDA;S100A12	Mono_Classical	2	34006945;37272764
Q9::7	Q9	608	APC_MHCII_high	4	RGS1;HLA-DRA;HLA-DQA1;HLA-DRB1	APC_MHCII_high	2	35615708;37272764
Q9::7	Q9	608	Mac_DAM_LAM	2	SPP1;APOE	Mac_DAM_LAM	2	34006945;37156914
Q9::7	Q9	608	Mono_Classical	1	CD14	Mono_Classical	2	34006945;37272764
Q9::7	Q9	608	cDC2	1	HLA-DRA	cDC2	0	
Q9::15	Q9	542	Mac_DAM_LAM	3	CTSD;APOE;HMOX1	Mac_DAM_LAM	2	34006945;37156914
Q9::15	Q9	542	Mac_Tissue	1	STAB1	Mac_Tissue	2	34006945;34341398
Q9::15	Q9	542	Mono_Classical	1	LYZ	Mono_Classical	2	34006945;37272764
Q9::17	Q9	328	Myofibroblast	6	TAGLN;COL1A1;COL1A2;ACTA2;POSTN;TPM1	Myofibroblast	2	33022222;36231108
Q9::17	Q9	328	Pericyte	4	IGFBP7;COL1A2;MGP;CALD1	Pericyte	2	34006945;41230906
Q9::17	Q9	328	SMC	3	TAGLN;ACTA2;CALD1	SMC	2	34006945;37156914
Q9::17	Q9	328	Fibroblast	2	COL1A1;COL1A2	Fibroblast	0	
Q9::8	Q9	326	T	7	CD2;TRBC2;TRAC;CD3D;CD69;CCL5;CD3G	T	2	36630901;39804630
Q9::3	Q9	280	Proliferating	7	H2AFZ;STMN1;NUSAP1;MKI67;TOP2A;CENPF;PTTG1	Proliferating	2	34006945;41390488
Q9::3	Q9	280	Mac_DAM_LAM	1	SPP1	Mac_DAM_LAM	2	34006945;37156914
Q9::16	Q9	269	Endo	4	CLDN5;VWF;TM4SF1;GNG11	Endo	2	34381080;42194275
Q9::16	Q9	269	Pericyte	2	IGFBP7;MGP	Pericyte	2	34006945;41230906
Q9::19	Q9	236	Pericyte	6	IGFBP7;THY1;RGS5;MGP;CALD1;COL1A2	Pericyte	2	34006945;41230906
Q9::19	Q9	236	Myofibroblast	3	COL1A2;TAGLN;ACTA2	Myofibroblast	2	33022222;36231108
Q9::19	Q9	236	SMC	3	CALD1;TAGLN;ACTA2	SMC	2	34006945;37156914
Q9::19	Q9	236	Fibroblast	2	THY1;COL1A2	Fibroblast	0	
Q9::19	Q9	236	Endo_Patho	1	NDUFA4L2	Endo_Patho	0	
Q9::1	Q9	135	Myofibroblast	3	TPM1;COL1A2;COL1A1	Myofibroblast	2	33022222;36231108
Q9::1	Q9	135	Pericyte	3	IGFBP7;COL1A2;CALD1	Pericyte	2	34006945;41230906
Q9::1	Q9	135	Fibroblast	2	COL1A2;COL1A1	Fibroblast	2	35269428;36231108
Q9::1	Q9	135	SMC	1	CALD1	SMC	0	
Q9::14	Q9	134	Granulocyte	2	TIMP1;CD36	Granulocyte	2	35212809;37272764
Q9::14	Q9	134	Myofibroblast	2	FN1;TIMP1	Myofibroblast	2	33022222;36231108
Q9::14	Q9	134	Fibroblast	1	FN1	Fibroblast	2	35269428;36231108
Q9::14	Q9	134	Mono_Classical	1	VCAN	Mono_Classical	0	
