cluster_id,n_cells,fraction_pct,top_candidates,composition_flag,confidence_grade,decision,proposed_label,notes
0,178,9.786,"Mac_DAM_LAM;MG;retina_interneuron::MG",no_baseline_row,evidence_consistent,,,
1,150,8.246,"Mac_DAM_LAM;MG;retina_interneuron::MG",no_baseline_row,evidence_consistent,,,
2,363,19.956,"Fibroblast;Myofibroblast;Microglia",no_baseline_row,mixed_or_insufficient,,,
3,308,16.932,"Microglia",no_baseline_row,mixed_or_insufficient,,,
4,157,8.631,"Mac_Tissue;Mono_Classical;retina_interneuron::AC",no_baseline_row,evidence_consistent,,,
5,32,1.759,"Endo;Pericyte",no_baseline_row,evidence_consistent,,,
6,131,7.202,"Mono_Classical",no_baseline_row,evidence_consistent,,,
7,249,13.689,"APC_MHCII_high;cDC2",no_baseline_row,evidence_consistent,,,
8,22,1.209,"Pericyte;SMC;Myofibroblast",no_baseline_row,evidence_consistent,,,
9,8,0.44,"pDC;Microglia;cDC1",no_baseline_row,evidence_consistent,,,
10,65,3.573,"Pericyte;Myofibroblast;SMC",no_baseline_row,mixed_or_insufficient,,,
11,37,2.034,"T",no_baseline_row,evidence_consistent,,,
12,31,1.704,"MG;Astro;T",no_baseline_row,mixed_or_insufficient,,,
13,88,4.838,"Proliferating",no_baseline_row,evidence_consistent,,,
