term	gene	neighbor	cons	donor_valid
Conj_suprabasal	SLURP2	Keratocytes	0.875	16
Conj_suprabasal	SLURP2	Fibroblast-stroma	0.75	16
Conj_suprabasal	SLURP2	Pericytes	0.688	16
Conj_suprabasal	SLURP2	Endothelium	0.875	16
Conj_suprabasal	SLURP2	Immune	0.941	17
Conj_suprabasal	SLURP2	Melanocytes	1.0	17
Conj_suprabasal	SLURP2	Schwann	0.875	16
Conj_suprabasal	SLURP2	Corneal_superficial_TDC	0.75	16
Conj_suprabasal	SLURP2	Corneal_suprabasal_PMC	0.941	17
Conj_suprabasal	SLURP2	Limbus_suprabasal_eTAC_ConjFate	0.941	17
Conj_suprabasal	KRTDAP	Keratocytes	1.0	16
Conj_suprabasal	KRTDAP	Fibroblast-stroma	0.938	16
Conj_suprabasal	KRTDAP	Pericytes	0.938	16
Conj_suprabasal	KRTDAP	Endothelium	0.938	16
Conj_suprabasal	KRTDAP	Immune	0.941	17
Conj_suprabasal	KRTDAP	Melanocytes	0.882	17
Conj_suprabasal	KRTDAP	Schwann	1.0	16
Conj_suprabasal	KRTDAP	Corneal_superficial_TDC	0.625	16
Conj_suprabasal	KRTDAP	Corneal_suprabasal_PMC	0.824	17
Conj_suprabasal	KRTDAP	Limbus_suprabasal_eTAC_ConjFate	0.706	17
Conj_suprabasal	S100A8	Keratocytes	1.0	16
Conj_suprabasal	S100A8	Fibroblast-stroma	1.0	16
Conj_suprabasal	S100A8	Pericytes	1.0	16
Conj_suprabasal	S100A8	Endothelium	1.0	16
Conj_suprabasal	S100A8	Immune	0.941	17
Conj_suprabasal	S100A8	Melanocytes	1.0	17
Conj_suprabasal	S100A8	Schwann	1.0	16
Conj_suprabasal	S100A8	Corneal_superficial_TDC	0.938	16
Conj_suprabasal	S100A8	Corneal_suprabasal_PMC	1.0	17
Conj_suprabasal	S100A8	Limbus_suprabasal_eTAC_ConjFate	0.824	17
Conj_suprabasal	KLK12	Keratocytes	1.0	16
Conj_suprabasal	KLK12	Fibroblast-stroma	0.938	16
Conj_suprabasal	KLK12	Pericytes	1.0	16
Conj_suprabasal	KLK12	Endothelium	0.938	16
Conj_suprabasal	KLK12	Immune	1.0	17
Conj_suprabasal	KLK12	Melanocytes	1.0	17
Conj_suprabasal	KLK12	Schwann	1.0	16
Conj_suprabasal	KLK12	Corneal_superficial_TDC	0.938	16
Conj_suprabasal	KLK12	Corneal_suprabasal_PMC	1.0	17
Conj_suprabasal	KLK12	Limbus_suprabasal_eTAC_ConjFate	0.882	17
Conj_suprabasal	S100A9	Keratocytes	1.0	16
Conj_suprabasal	S100A9	Fibroblast-stroma	1.0	16
Conj_suprabasal	S100A9	Pericytes	1.0	16
Conj_suprabasal	S100A9	Endothelium	1.0	16
Conj_suprabasal	S100A9	Immune	0.824	17
Conj_suprabasal	S100A9	Melanocytes	1.0	17
Conj_suprabasal	S100A9	Schwann	1.0	16
Conj_suprabasal	S100A9	Corneal_superficial_TDC	0.875	16
Conj_suprabasal	S100A9	Corneal_suprabasal_PMC	1.0	17
Conj_suprabasal	S100A9	Limbus_suprabasal_eTAC_ConjFate	0.824	17
Conj_suprabasal	SPINK5	Keratocytes	1.0	16
Conj_suprabasal	SPINK5	Fibroblast-stroma	0.938	16
Conj_suprabasal	SPINK5	Pericytes	1.0	16
Conj_suprabasal	SPINK5	Endothelium	1.0	16
Conj_suprabasal	SPINK5	Immune	1.0	17
Conj_suprabasal	SPINK5	Melanocytes	1.0	17
Conj_suprabasal	SPINK5	Schwann	0.938	16
Conj_suprabasal	SPINK5	Corneal_superficial_TDC	0.312	16
Conj_suprabasal	SPINK5	Corneal_suprabasal_PMC	0.294	17
Conj_suprabasal	SPINK5	Limbus_suprabasal_eTAC_ConjFate	0.529	17
Conj_suprabasal	KLK13	Keratocytes	1.0	16
Conj_suprabasal	KLK13	Fibroblast-stroma	1.0	16
Conj_suprabasal	KLK13	Pericytes	1.0	16
Conj_suprabasal	KLK13	Endothelium	0.938	16
Conj_suprabasal	KLK13	Immune	1.0	17
Conj_suprabasal	KLK13	Melanocytes	0.941	17
Conj_suprabasal	KLK13	Schwann	1.0	16
Conj_suprabasal	KLK13	Corneal_superficial_TDC	0.875	16
Conj_suprabasal	KLK13	Corneal_suprabasal_PMC	0.882	17
Conj_suprabasal	KLK13	Limbus_suprabasal_eTAC_ConjFate	0.824	17
Conj_suprabasal	ADGRV1	Keratocytes	0.312	16
Conj_suprabasal	ADGRV1	Fibroblast-stroma	0.375	16
Conj_suprabasal	ADGRV1	Pericytes	0.5	16
Conj_suprabasal	ADGRV1	Endothelium	0.75	16
Conj_suprabasal	ADGRV1	Immune	0.588	17
Conj_suprabasal	ADGRV1	Melanocytes	0.765	17
Conj_suprabasal	ADGRV1	Schwann	0.75	16
Conj_suprabasal	ADGRV1	Corneal_superficial_TDC	0.625	16
Conj_suprabasal	ADGRV1	Corneal_suprabasal_PMC	0.412	17
Conj_suprabasal	ADGRV1	Limbus_suprabasal_eTAC_ConjFate	0.471	17
Conj_suprabasal	SPRR3	Keratocytes	0.938	16
Conj_suprabasal	SPRR3	Fibroblast-stroma	0.938	16
Conj_suprabasal	SPRR3	Pericytes	1.0	16
Conj_suprabasal	SPRR3	Endothelium	0.938	16
Conj_suprabasal	SPRR3	Immune	0.941	17
Conj_suprabasal	SPRR3	Melanocytes	1.0	17
Conj_suprabasal	SPRR3	Schwann	0.938	16
Conj_suprabasal	SPRR3	Corneal_superficial_TDC	0.75	16
Conj_suprabasal	SPRR3	Corneal_suprabasal_PMC	0.882	17
Conj_suprabasal	SPRR3	Limbus_suprabasal_eTAC_ConjFate	0.882	17
Conj_suprabasal	LY6D	Keratocytes	1.0	16
Conj_suprabasal	LY6D	Fibroblast-stroma	1.0	16
Conj_suprabasal	LY6D	Pericytes	1.0	16
Conj_suprabasal	LY6D	Endothelium	1.0	16
Conj_suprabasal	LY6D	Immune	1.0	17
Conj_suprabasal	LY6D	Melanocytes	1.0	17
Conj_suprabasal	LY6D	Schwann	0.938	16
Conj_suprabasal	LY6D	Corneal_superficial_TDC	0.5	16
Conj_suprabasal	LY6D	Corneal_suprabasal_PMC	0.882	17
Conj_suprabasal	LY6D	Limbus_suprabasal_eTAC_ConjFate	0.882	17
Conj_suprabasal	IVL	Keratocytes	1.0	16
Conj_suprabasal	IVL	Fibroblast-stroma	1.0	16
Conj_suprabasal	IVL	Pericytes	1.0	16
Conj_suprabasal	IVL	Endothelium	1.0	16
Conj_suprabasal	IVL	Immune	1.0	17
Conj_suprabasal	IVL	Melanocytes	1.0	17
Conj_suprabasal	IVL	Schwann	1.0	16
Conj_suprabasal	IVL	Corneal_superficial_TDC	0.688	16
Conj_suprabasal	IVL	Corneal_suprabasal_PMC	1.0	17
Conj_suprabasal	IVL	Limbus_suprabasal_eTAC_ConjFate	1.0	17
Conj_suprabasal	PDZK1IP1	Keratocytes	0.75	16
Conj_suprabasal	PDZK1IP1	Fibroblast-stroma	0.875	16
Conj_suprabasal	PDZK1IP1	Pericytes	1.0	16
Conj_suprabasal	PDZK1IP1	Endothelium	0.875	16
Conj_suprabasal	PDZK1IP1	Immune	1.0	17
Conj_suprabasal	PDZK1IP1	Melanocytes	0.941	17
Conj_suprabasal	PDZK1IP1	Schwann	1.0	16
Conj_suprabasal	PDZK1IP1	Corneal_superficial_TDC	0.812	16
Conj_suprabasal	PDZK1IP1	Corneal_suprabasal_PMC	0.824	17
Conj_suprabasal	PDZK1IP1	Limbus_suprabasal_eTAC_ConjFate	0.882	17
Conj_suprabasal	ALDH3B2	Keratocytes	0.938	16
Conj_suprabasal	ALDH3B2	Fibroblast-stroma	0.812	16
Conj_suprabasal	ALDH3B2	Pericytes	1.0	16
Conj_suprabasal	ALDH3B2	Endothelium	0.938	16
Conj_suprabasal	ALDH3B2	Immune	1.0	17
Conj_suprabasal	ALDH3B2	Melanocytes	1.0	17
Conj_suprabasal	ALDH3B2	Schwann	1.0	16
Conj_suprabasal	ALDH3B2	Corneal_superficial_TDC	0.625	16
Conj_suprabasal	ALDH3B2	Corneal_suprabasal_PMC	0.882	17
Conj_suprabasal	ALDH3B2	Limbus_suprabasal_eTAC_ConjFate	0.647	17
Conj_suprabasal	RHCG	Keratocytes	1.0	16
Conj_suprabasal	RHCG	Fibroblast-stroma	1.0	16
Conj_suprabasal	RHCG	Pericytes	0.938	16
Conj_suprabasal	RHCG	Endothelium	1.0	16
Conj_suprabasal	RHCG	Immune	0.941	17
Conj_suprabasal	RHCG	Melanocytes	1.0	17
Conj_suprabasal	RHCG	Schwann	1.0	16
Conj_suprabasal	RHCG	Corneal_superficial_TDC	0.812	16
Conj_suprabasal	RHCG	Corneal_suprabasal_PMC	1.0	17
Conj_suprabasal	RHCG	Limbus_suprabasal_eTAC_ConjFate	0.882	17
Conj_suprabasal	KRT4	Keratocytes	0.938	16
Conj_suprabasal	KRT4	Fibroblast-stroma	0.875	16
Conj_suprabasal	KRT4	Pericytes	0.938	16
Conj_suprabasal	KRT4	Endothelium	1.0	16
Conj_suprabasal	KRT4	Immune	0.882	17
Conj_suprabasal	KRT4	Melanocytes	0.941	17
Conj_suprabasal	KRT4	Schwann	0.938	16
Conj_suprabasal	KRT4	Corneal_superficial_TDC	0.875	16
Conj_suprabasal	KRT4	Corneal_suprabasal_PMC	0.941	17
Conj_suprabasal	KRT4	Limbus_suprabasal_eTAC_ConjFate	0.882	17
Conj_suprabasal	SERPINB1	Keratocytes	0.938	16
Conj_suprabasal	SERPINB1	Fibroblast-stroma	1.0	16
Conj_suprabasal	SERPINB1	Pericytes	1.0	16
Conj_suprabasal	SERPINB1	Endothelium	0.938	16
Conj_suprabasal	SERPINB1	Immune	0.824	17
Conj_suprabasal	SERPINB1	Melanocytes	1.0	17
Conj_suprabasal	SERPINB1	Schwann	1.0	16
Conj_suprabasal	SERPINB1	Corneal_superficial_TDC	0.188	16
Conj_suprabasal	SERPINB1	Corneal_suprabasal_PMC	0.706	17
Conj_suprabasal	SERPINB1	Limbus_suprabasal_eTAC_ConjFate	0.706	17
Conj_suprabasal	CALML3	Keratocytes	1.0	16
Conj_suprabasal	CALML3	Fibroblast-stroma	1.0	16
Conj_suprabasal	CALML3	Pericytes	1.0	16
Conj_suprabasal	CALML3	Endothelium	1.0	16
Conj_suprabasal	CALML3	Immune	1.0	17
Conj_suprabasal	CALML3	Melanocytes	1.0	17
Conj_suprabasal	CALML3	Schwann	1.0	16
Conj_suprabasal	CALML3	Corneal_superficial_TDC	0.25	16
Conj_suprabasal	CALML3	Corneal_suprabasal_PMC	0.353	17
Conj_suprabasal	CALML3	Limbus_suprabasal_eTAC_ConjFate	0.824	17
Conj_suprabasal	OAS1	Keratocytes	0.875	16
Conj_suprabasal	OAS1	Fibroblast-stroma	1.0	16
Conj_suprabasal	OAS1	Pericytes	1.0	16
Conj_suprabasal	OAS1	Endothelium	1.0	16
Conj_suprabasal	OAS1	Immune	0.941	17
Conj_suprabasal	OAS1	Melanocytes	1.0	17
Conj_suprabasal	OAS1	Schwann	0.938	16
Conj_suprabasal	OAS1	Corneal_superficial_TDC	0.25	16
Conj_suprabasal	OAS1	Corneal_suprabasal_PMC	0.765	17
Conj_suprabasal	OAS1	Limbus_suprabasal_eTAC_ConjFate	0.941	17
Conj_suprabasal	LYPD2	Keratocytes	0.875	16
Conj_suprabasal	LYPD2	Fibroblast-stroma	0.75	16
Conj_suprabasal	LYPD2	Pericytes	0.938	16
Conj_suprabasal	LYPD2	Endothelium	0.875	16
Conj_suprabasal	LYPD2	Immune	1.0	17
Conj_suprabasal	LYPD2	Melanocytes	0.882	17
Conj_suprabasal	LYPD2	Schwann	1.0	16
Conj_suprabasal	LYPD2	Corneal_superficial_TDC	0.5	16
Conj_suprabasal	LYPD2	Corneal_suprabasal_PMC	0.824	17
Conj_suprabasal	LYPD2	Limbus_suprabasal_eTAC_ConjFate	0.882	17
Conj_suprabasal	PITX1	Keratocytes	1.0	16
Conj_suprabasal	PITX1	Fibroblast-stroma	1.0	16
Conj_suprabasal	PITX1	Pericytes	1.0	16
Conj_suprabasal	PITX1	Endothelium	1.0	16
Conj_suprabasal	PITX1	Immune	1.0	17
Conj_suprabasal	PITX1	Melanocytes	1.0	17
Conj_suprabasal	PITX1	Schwann	1.0	16
Conj_suprabasal	PITX1	Corneal_superficial_TDC	0.75	16
Conj_suprabasal	PITX1	Corneal_suprabasal_PMC	1.0	17
Conj_suprabasal	PITX1	Limbus_suprabasal_eTAC_ConjFate	0.941	17
Conj_suprabasal	SERPINB13	Keratocytes	1.0	16
Conj_suprabasal	SERPINB13	Fibroblast-stroma	1.0	16
Conj_suprabasal	SERPINB13	Pericytes	1.0	16
Conj_suprabasal	SERPINB13	Endothelium	1.0	16
Conj_suprabasal	SERPINB13	Immune	1.0	17
Conj_suprabasal	SERPINB13	Melanocytes	1.0	17
Conj_suprabasal	SERPINB13	Schwann	1.0	16
Conj_suprabasal	SERPINB13	Corneal_superficial_TDC	0.812	16
Conj_suprabasal	SERPINB13	Corneal_suprabasal_PMC	0.941	17
Conj_suprabasal	SERPINB13	Limbus_suprabasal_eTAC_ConjFate	0.941	17
Conj_suprabasal	CALML5	Keratocytes	1.0	16
Conj_suprabasal	CALML5	Fibroblast-stroma	1.0	16
Conj_suprabasal	CALML5	Pericytes	1.0	16
Conj_suprabasal	CALML5	Endothelium	1.0	16
Conj_suprabasal	CALML5	Immune	1.0	17
Conj_suprabasal	CALML5	Melanocytes	1.0	17
Conj_suprabasal	CALML5	Schwann	0.938	16
Conj_suprabasal	CALML5	Corneal_superficial_TDC	0.562	16
Conj_suprabasal	CALML5	Corneal_suprabasal_PMC	0.765	17
Conj_suprabasal	CALML5	Limbus_suprabasal_eTAC_ConjFate	0.824	17
Conj_suprabasal	KRT24	Keratocytes	1.0	16
Conj_suprabasal	KRT24	Fibroblast-stroma	1.0	16
Conj_suprabasal	KRT24	Pericytes	1.0	16
Conj_suprabasal	KRT24	Endothelium	1.0	16
Conj_suprabasal	KRT24	Immune	1.0	17
Conj_suprabasal	KRT24	Melanocytes	0.941	17
Conj_suprabasal	KRT24	Schwann	1.0	16
Conj_suprabasal	KRT24	Corneal_superficial_TDC	0.188	16
Conj_suprabasal	KRT24	Corneal_suprabasal_PMC	0.941	17
Conj_suprabasal	KRT24	Limbus_suprabasal_eTAC_ConjFate	1.0	17
Conj_suprabasal	AHCY	Keratocytes	0.188	16
Conj_suprabasal	AHCY	Fibroblast-stroma	0.188	16
Conj_suprabasal	AHCY	Pericytes	0.188	16
Conj_suprabasal	AHCY	Endothelium	0.688	16
Conj_suprabasal	AHCY	Immune	0.941	17
Conj_suprabasal	AHCY	Melanocytes	0.294	17
Conj_suprabasal	AHCY	Schwann	0.25	16
Conj_suprabasal	AHCY	Corneal_superficial_TDC	0.188	16
Conj_suprabasal	AHCY	Corneal_suprabasal_PMC	0.176	17
Conj_suprabasal	AHCY	Limbus_suprabasal_eTAC_ConjFate	0.0	17
Conj_suprabasal	S100P	Keratocytes	1.0	16
Conj_suprabasal	S100P	Fibroblast-stroma	1.0	16
Conj_suprabasal	S100P	Pericytes	1.0	16
Conj_suprabasal	S100P	Endothelium	1.0	16
Conj_suprabasal	S100P	Immune	0.882	17
Conj_suprabasal	S100P	Melanocytes	1.0	17
Conj_suprabasal	S100P	Schwann	0.875	16
Conj_suprabasal	S100P	Corneal_superficial_TDC	0.688	16
Conj_suprabasal	S100P	Corneal_suprabasal_PMC	1.0	17
Conj_suprabasal	S100P	Limbus_suprabasal_eTAC_ConjFate	0.824	17
Conj_suprabasal	JPT1	Keratocytes	1.0	16
Conj_suprabasal	JPT1	Fibroblast-stroma	1.0	16
Conj_suprabasal	JPT1	Pericytes	1.0	16
Conj_suprabasal	JPT1	Endothelium	1.0	16
Conj_suprabasal	JPT1	Immune	0.765	17
Conj_suprabasal	JPT1	Melanocytes	0.882	17
Conj_suprabasal	JPT1	Schwann	0.938	16
Conj_suprabasal	JPT1	Corneal_superficial_TDC	0.125	16
Conj_suprabasal	JPT1	Corneal_suprabasal_PMC	0.235	17
Conj_suprabasal	JPT1	Limbus_suprabasal_eTAC_ConjFate	0.706	17
