cluster_id	truth	vote_A	grade_A	vote_B	grade_B	vote_C	grade_C	cons_c2b	mode_c2b	cons_c2b_m3	mode_c2b_m3	cons_c4	mode_c4	cons_c4_m3	mode_c4_m3	p1_c2b	p1_c2b_m3	p1_c4	p1_c4_m3
Q6::13	Fibroblasts	Fibroblasts	B	coarse:Fibroblasts	C	coarse:Stromal	C	Fibroblasts	named	Fibroblasts	named		tie		tie	True	True	False	False
Q6::15	Fibroblasts	Fibroblasts	B	Keratocytes	B	coarse:Stromal	C		split3		split3		tie		tie	False	False	False	False
Q6::23	Epithelium	Epithelium	B	Epithelium	B	Epithelium	B	Epithelium	named	Epithelium	named	Epithelium	majority	Epithelium	majority	True	True	True	True
Q6::24	Pericytes	Smooth Muscle Cells	B	Smooth Muscle Cells	B	coarse:Mesenchymal	C	Smooth Muscle Cells	named	Smooth Muscle Cells	named	Smooth Muscle Cells	majority	Smooth Muscle Cells	majority	False	False	False	False
Q6::6	Epithelium	Epithelium	B	Epithelium	B	Epithelium	B	Epithelium	named	Epithelium	named	Epithelium	majority	Epithelium	majority	True	True	True	True
Q6::9	Epithelium	Epithelium	B	Epithelium	B	Epithelium	B	Epithelium	named	Epithelium	named	Epithelium	majority	Epithelium	majority	True	True	True	True
Q6::12	Fibroblasts	coarse:Immune/Fibroblast	C	coarse:Immune Cells	C	undetermined	C		tie		tie		abstain3		abstain3	False	False	False	False
Q6::11	Endothelium	Endothelium	B	Endothelium	B	Endothelium	B	Endothelium	named	Endothelium	named	Endothelium	majority	Endothelium	majority	True	True	True	True
Q6::21	Fibroblasts	Fibroblasts	B	Fibroblasts	B	Fibroblasts	B	Fibroblasts	named	Fibroblasts	named	Fibroblasts	majority	Fibroblasts	majority	True	True	True	True
Q6::20	Epithelium	Epithelium	B	Epithelium	B	Epithelium	B	Epithelium	named	Epithelium	named	Epithelium	majority	Epithelium	majority	True	True	True	True
Q6::1	Epithelium	Epithelium	B	Epithelium	B	Epithelium	C	Epithelium	named	Epithelium	named	Epithelium	majority	Epithelium	majority	True	True	True	True
Q6::4	Epithelium	Epithelium	B	Epithelium	B	Epithelium	B	Epithelium	named	Epithelium	named	Epithelium	majority	Epithelium	majority	True	True	True	True
Q6::2	Epithelium	Epithelium	B	Epithelium	C	Epithelium	C	Epithelium	named	Epithelium	named		tie	Epithelium	majority	True	True	False	True
Q6::0	Epithelium	Epithelium	B	Epithelium	B	Epithelium	C	Epithelium	named	Epithelium	named	Epithelium	majority	Epithelium	majority	True	True	True	True
Q6::19	Fibroblasts	Fibroblasts	B	Fibroblasts	B	Fibroblasts	B	Fibroblasts	named	Fibroblasts	named	Fibroblasts	majority	Fibroblasts	majority	True	True	True	True
Q6::5	Epithelium	Epithelium	B	Epithelium	B	Epithelium	C	Epithelium	named	Epithelium	named	Epithelium	majority	Epithelium	majority	True	True	True	True
Q6::14	Fibroblasts	Fibroblasts	B	coarse:Fibroblasts	C	Fibroblasts	C	Fibroblasts	named	Fibroblasts	named		tie	Fibroblasts	majority	True	True	False	True
Q6::18	Fibroblasts	undetermined	C	coarse:Fibroblasts	C	undetermined	C		tie		tie		abstain3		abstain3	False	False	False	False
Q6::27	Fibroblasts	undetermined	C	coarse:Immune Cells	C	undetermined	C		tie		tie		abstain3		abstain3	False	False	False	False
Q6::3	Epithelium	Epithelium	B	Epithelium	B	Epithelium	C	Epithelium	named	Epithelium	named	Epithelium	majority	Epithelium	majority	True	True	True	True
Q6::22	Fibroblasts	Fibroblasts	B	coarse:Fibroblasts	C	Fibroblast	B	Fibroblasts	named	Fibroblasts	named		tie		tie	True	True	False	False
Q6::33	Fibroblasts	Fibroblasts	B	Fibroblasts	B	Fibroblast	B	Fibroblasts	named	Fibroblasts	named	Fibroblasts	majority	Fibroblasts	majority	True	True	True	True
Q6::16	Fibroblasts	undetermined	C	undetermined	C	undetermined	C		abstain3		abstain3		abstain3		abstain3	False	False	False	False
Q6::25	Melanocytes	Melanocytes	B	Melanocytes	B	Melanocytes	B	Melanocytes	named	Melanocytes	named	Melanocytes	majority	Melanocytes	majority	True	True	True	True
Q6::28	Fibroblasts	Fibroblasts	B	Keratocytes	B	Keratocytes	B	Keratocytes	named	Keratocytes	named	Keratocytes	majority	Keratocytes	majority	False	False	False	False
Q6::31	Fibroblasts	Fibroblasts	B	coarse:Fibroblasts	C	undetermined	C	Fibroblasts	named	Fibroblasts	named		tie		tie	True	True	False	False
Q6::17	Schwann Cells	Schwann Cells	B	Schwann Cells	B	Schwann Cells	B	Schwann Cells	named	Schwann Cells	named	Schwann Cells	majority	Schwann Cells	majority	True	True	True	True
Q6::8	Immune Cells	Immune Cells	B	Immune Cells	C	Immune Cells	C	Immune Cells	named	Immune Cells	named		tie	Immune Cells	majority	True	True	False	True
Q6::26	Immune Cells	Immune Cells	B	Immune Cells	C	Immune Cells	C	Immune Cells	named	Immune Cells	named		tie	Immune Cells	majority	True	True	False	True
Q6::29	Epithelium	Epithelium	B	Epithelium	B	Epithelium	B	Epithelium	named	Epithelium	named	Epithelium	majority	Epithelium	majority	True	True	True	True
Q6::7	Endothelium	Endothelium	B	Endothelium	B	Endothelium	B	Endothelium	named	Endothelium	named	Endothelium	majority	Endothelium	majority	True	True	True	True
Q6::32	Smooth Muscle Cells	Smooth Muscle Cells	B	Smooth Muscle Cells	B	Smooth Muscle Cells	B	Smooth Muscle Cells	named	Smooth Muscle Cells	named	Smooth Muscle Cells	majority	Smooth Muscle Cells	majority	True	True	True	True
Q6::30	Epithelium	Epithelium	B	Epithelium	C	Epithelium	C	Epithelium	named	Epithelium	named		tie	Epithelium	majority	True	True	False	True
