cluster,rank,gene,score,pval_adj,logfc
0,1,CTSB,18.40010643005371,2.325408506923066e-71,2.358698606491089
0,2,HMOX1,17.075952529907227,1.9877968344552383e-61,4.098679542541504
0,3,CTSD,16.227460861206055,1.906877604675411e-55,3.1161863803863525
0,4,APOE,15.805957794189453,1.2551327638853922e-52,2.5833590030670166
0,5,FTL,15.457697868347168,2.3749467423172817e-50,1.5548549890518188
0,6,GLUL,15.164726257324219,1.7899824995554912e-48,2.3824350833892822
0,7,CTSL,15.018014907836914,1.4179033441687973e-47,2.5646791458129883
0,8,GAPDH,14.575552940368652,7.919644683694565e-45,1.5637412071228027
0,9,LIPA,14.550989151000977,1.0210298644553193e-44,2.1285276412963867
0,10,CREG1,14.182596206665039,1.3016869863591557e-42,2.242328405380249
0,11,CTSZ,14.081257820129395,5.1667267830287435e-42,1.7841392755508423
0,12,FTH1,14.05015754699707,7.573946896496106e-42,1.463996410369873
0,13,LAPTM5,14.042269706726074,8.020456219596765e-42,1.664360523223877
0,14,FCGR2B,13.823593139648438,1.5512935500747836e-40,2.480577230453491
0,15,CCL3,13.665313720703125,1.221594816608544e-39,2.542877674102783
0,16,CD14,13.175300598144531,7.19781159518293e-37,2.0943920612335205
0,17,CD68,12.856863021850586,4.105945944095171e-35,2.324078321456909
0,18,RNASET2,12.851604461669922,4.269285067903443e-35,1.7021669149398804
0,19,PSAP,12.77926254272461,1.054804037146728e-34,1.166415810585022
0,20,C1QC,12.508377075195312,3.135849375979648e-33,2.1459803581237793
0,21,LSP1,12.50139045715332,3.3362201550899016e-33,1.9635179042816162
0,22,GRN,12.46330451965332,5.248488615341747e-33,1.52268385887146
0,23,CYP27A1,12.394343376159668,1.2131799825275788e-32,2.0379626750946045
0,24,SLC48A1,12.200982093811035,1.2104374943110788e-31,2.786240339279175
0,25,SRGN,12.054271697998047,6.949655476640054e-31,1.2601901292800903
0,26,APOC1,11.967806816101074,1.936108173478052e-30,1.8756036758422852
0,27,PLD3,11.957515716552734,2.1468973465023986e-30,2.0999937057495117
0,28,RNASE1,11.899672508239746,4.052646313596792e-30,2.6697402000427246
0,29,LAMP1,11.854825019836426,6.781214559781868e-30,1.9465980529785156
0,30,NPL,11.853473663330078,6.781214559781868e-30,1.9147732257843018
1,1,CTSD,18.43699073791504,1.176517475346278e-71,4.01198673248291
1,2,GLUL,16.248401641845703,2.0332259338804285e-55,2.7524683475494385
1,3,LGMN,16.194116592407227,3.280664260655763e-55,3.585170269012451
1,4,FUCA1,16.063962936401367,2.0239211119946768e-54,3.3603832721710205
1,5,FTL,16.04716682434082,2.1225334221178186e-54,1.7718775272369385
1,6,SDCBP,15.444518089294434,2.4281813716048252e-50,2.0214500427246094
1,7,GRN,15.391206741333008,4.1623711730173e-50,1.9716333150863647
1,8,CREG1,15.391125679016113,4.1623711730173e-50,2.6116325855255127
1,9,FTH1,15.338788986206055,8.296546916776457e-50,1.752833366394043
1,10,LIPA,15.313228607177734,1.1065877367081546e-49,2.430248975753784
1,11,CTSZ,15.245635986328125,2.8380778556297742e-49,2.0991885662078857
1,12,CTSL,15.221293449401855,3.775477691793506e-49,2.868112564086914
1,13,PLD3,15.206443786621094,4.372632928001854e-49,2.917940855026245
1,14,HMOX1,14.63114070892334,2.2523752485346057e-45,3.5388379096984863
1,15,ACP5,14.526384353637695,9.750507796769603e-45,3.402379035949707
1,16,RAB32,14.38730525970459,6.892070632522598e-44,2.6608500480651855
1,17,SLC40A1,14.369292259216309,8.414824871820886e-44,3.6559414863586426
1,18,ASAH1,14.27135181427002,3.252918106430991e-43,1.7269859313964844
1,19,CTSB,14.164811134338379,1.41216874867546e-42,1.8869149684906006
1,20,CTSC,13.66115665435791,1.5361158466838503e-39,1.9977166652679443
1,21,LGALS3,13.500411987304688,1.3134101649040759e-38,2.098809242248535
1,22,MGLL,13.456433296203613,2.2752942351531302e-38,2.7444567680358887
1,23,AKR1B1,13.208784103393555,6.020947120353972e-37,2.5115773677825928
1,24,PRDX1,13.043739318847656,5.0985400931053376e-36,1.596425175666809
1,25,CTSS,13.029458045959473,5.9026008711146174e-36,1.586901068687439
1,26,FCGRT,12.989455223083496,9.579600503082e-36,2.2787880897521973
1,27,CD68,12.974686622619629,1.1186857032907127e-35,2.502147674560547
1,28,CTSA,12.809073448181152,9.109926921195662e-35,2.1686477661132812
1,29,GPNMB,12.807451248168945,9.109926921195662e-35,2.104809284210205
1,30,C1QC,12.790979385375977,1.0886940147700824e-34,2.2899322509765625
2,1,MT-ND6,21.03512191772461,5.551029010997456e-94,3.3184444904327393
2,2,FN1,20.84485626220703,1.5051559921293553e-92,3.4897637367248535
2,3,BRI3,19.325233459472656,1.948024513058394e-79,2.175144672393799
2,4,MTATP6P1,18.070209503173828,1.6468961605886909e-69,1.3666759729385376
2,5,MT-ND4L,18.069204330444336,1.6468961605886909e-69,1.8833926916122437
2,6,MARCO,17.6119384765625,5.054830375710526e-66,3.0854225158691406
2,7,MT-RNR2,17.535207748413086,1.7109098614872504e-65,1.2378039360046387
2,8,RNASE1,17.367389678955078,2.6428347270636105e-64,2.926952838897705
2,9,S100A11,17.366106033325195,2.6428347270636105e-64,1.0601191520690918
2,10,FCER1G,16.940336227416992,3.3526074365714836e-61,1.2651666402816772
2,11,S100A6,16.655858993530273,3.7435913311368944e-59,1.5211247205734253
2,12,FBP1,16.51713752746582,3.4397499023253775e-58,2.5491111278533936
2,13,MT-RNR1,16.514009475708008,3.4397499023253775e-58,1.320153832435608
2,14,TYROBP,16.333627700805664,6.307511898487773e-57,1.11014986038208
2,15,S100A10,16.04261589050293,6.3444499365675844e-55,1.5167323350906372
2,16,DBI,15.968228340148926,1.986015209758775e-54,1.529642105102539
2,17,CALM1,15.90221881866455,5.423971028789472e-54,1.2642757892608643
2,18,RPL10P9,15.784440040588379,3.3630181292584295e-53,2.369749069213867
2,19,FABP5,15.520400047302246,1.791228947432448e-51,2.1343495845794678
2,20,SH3BGRL3,15.406027793884277,1.0171407238288775e-50,1.279543161392212
2,21,EMP3,15.127971649169922,6.4776647743062616e-49,1.6058499813079834
2,22,S100A9,15.062631607055664,1.6862151129943413e-48,1.8212767839431763
2,23,S100A8,14.889286041259766,2.0794029130088653e-47,2.5222597122192383
2,24,S100A4,14.720967292785645,2.3297059787177528e-46,1.481805682182312
2,25,SERF2,14.705554008483887,2.8467084790275147e-46,0.7714465260505676
2,26,LGALS1,14.634573936462402,7.889808987713851e-46,1.2381545305252075
2,27,CYBB,14.187694549560547,4.841717959096804e-43,1.3236314058303833
2,28,AIF1,14.072819709777832,2.356451411565232e-42,1.2686915397644043
2,29,PSMA7,13.641745567321777,8.717442338998648e-40,0.9783343076705933
2,30,MT-CO2,13.540329933166504,3.398720784874902e-39,0.6477599143981934
3,1,MT-RNR2,19.20550537109375,5.9041463487808415e-78,1.4184540510177612
3,2,MT-RNR1,18.306133270263672,4.371447259820752e-71,1.519424557685852
3,3,MT-ND4L,18.081945419311523,1.9608569293743406e-69,1.9567584991455078
3,4,RPL10P9,17.254703521728516,3.049277610469685e-63,2.6984729766845703
3,5,SH3BGRL3,16.99778175354004,2.1610073507349166e-61,1.493472695350647
3,6,S100A11,16.642187118530273,6.7949671834664755e-59,1.0902881622314453
3,7,FCER1G,16.419130325317383,2.4752381370710467e-57,1.305338978767395
3,8,BHLHE41,15.898087501525879,9.656142975516716e-54,2.1332573890686035
3,9,EMP3,15.820719718933105,3.055108932616847e-53,1.837532877922058
3,10,CDC42,15.525829315185547,2.74316267305937e-51,1.1771413087844849
3,11,DBI,15.337587356567383,4.753977799095133e-50,1.5440517663955688
3,12,MT-ND6,15.320566177368164,5.814608070970884e-50,2.757052183151245
3,13,TYROBP,15.166604042053223,5.493204662594191e-49,1.0895774364471436
3,14,MTATP6P1,14.917181968688965,2.259781749329797e-47,1.1918519735336304
3,15,BRI3,14.813270568847656,9.69438791996795e-47,1.7931034564971924
3,16,FN1,14.573609352111816,3.18848589197137e-45,2.6907684803009033
3,17,S100A10,14.147252082824707,1.2757346293666575e-42,1.487536907196045
3,18,SERF2,14.01917839050293,7.034695581405543e-42,0.8070755004882812
3,19,MT-CO2,13.993587493896484,9.455163276121863e-42,0.7143649458885193
3,20,S100A4,13.534319877624512,4.5782697026542546e-39,1.380223035812378
3,21,S100A6,13.330009460449219,6.388528974440449e-38,1.326987624168396
3,22,MT2A,13.257224082946777,1.5800757212795421e-37,1.8540771007537842
3,23,CALM1,12.972272872924805,6.361494836901452e-36,1.1070281267166138
3,24,MT-CO3,12.880681037902832,2.051223322152622e-35,0.5830742120742798
3,25,LGALS1,12.710768699645996,1.7919678335769492e-34,1.1269540786743164
3,26,PSMA7,12.565733909606934,1.090447992071451e-33,0.9900310039520264
3,27,S100A8,12.50217342376709,2.3858887625210248e-33,2.2651777267456055
3,28,FABP5,12.198355674743652,9.534826712858111e-32,1.737452507019043
3,29,SOD2,12.146637916564941,1.73803173358768e-31,1.9938138723373413
3,30,SPP1,11.860079765319824,5.371613382934622e-30,2.005321979522705
4,1,SELENOP,19.258716583251953,2.1159896807929393e-78,5.14736270904541
4,2,MRC1,17.90325927734375,9.863340767560548e-68,3.9102377891540527
4,3,FOLR2,17.770606994628906,7.058850255061694e-67,4.264624118804932
4,4,STAB1,17.434722900390625,1.9942260922796387e-64,3.7844998836517334
4,5,CD14,16.550743103027344,5.609816048351908e-58,2.8026702404022217
4,6,MAF,16.30117416381836,2.8619591038632536e-56,3.1249425411224365
4,7,FCGRT,16.000102996826172,3.232266180180689e-54,2.8661088943481445
4,8,F13A1,15.676459312438965,4.858450655937865e-52,3.477933645248413
4,9,ITM2B,15.262764930725098,2.668211168127329e-49,1.8466439247131348
4,10,SLC40A1,15.105631828308105,2.6370363048873055e-48,4.099606037139893
4,11,C1QC,14.813621520996094,1.9287960479225724e-46,2.536830186843872
4,12,SLCO2B1,14.5013427734375,1.620922375098972e-44,2.977672815322876
4,13,NRP1,14.429492950439453,4.2765701789157036e-44,2.764176845550537
4,14,CTSL,14.392216682434082,6.84763752419083e-44,2.6385269165039062
4,15,C1QA,14.34174633026123,1.3302426352515528e-43,1.9247111082077026
4,16,CD163,14.316710472106934,1.79538269805031e-43,2.258352756500244
4,17,ARL4C,14.228963851928711,5.968746253982971e-43,2.7942512035369873
4,18,CREG1,13.775528907775879,3.3397284034655356e-40,2.3435816764831543
4,19,ZFP36L1,13.557831764221191,6.014503725020769e-39,2.0388317108154297
4,20,RNASE1,13.458560943603516,2.210702538417907e-38,3.1321372985839844
4,21,PLD3,12.916584968566895,2.4884491147174896e-35,2.5247395038604736
4,22,GPR34,12.916187286376953,2.4884491147174896e-35,2.426462173461914
4,23,DAB2,12.906332015991211,2.723509938817491e-35,2.0317113399505615
4,24,COLEC12,12.790529251098633,1.1732296090081528e-34,2.6797122955322266
4,25,CTSB,12.763108253479004,1.5833862890128949e-34,1.6259499788284302
4,26,PLAU,12.761837005615234,1.5833862890128949e-34,2.63397216796875
4,27,FCGR2A,12.729886054992676,2.3082667439518824e-34,2.1010706424713135
4,28,KCTD12,12.719156265258789,2.5653975586426755e-34,1.9390596151351929
4,29,HMOX1,12.611698150634766,9.495939780617679e-34,2.6539037227630615
4,30,LGMN,12.574104309082031,1.4853648808961446e-33,2.750149726867676
5,1,GNG11,9.602442741394043,8.109273232145292e-18,7.202085494995117
5,2,CRIP2,9.586143493652344,8.109273232145292e-18,6.964728355407715
5,3,VWF,9.391914367675781,2.8871271525586924e-17,8.881000518798828
5,4,TM4SF1,9.381388664245605,2.8871271525586924e-17,8.285651206970215
5,5,ITM2A,9.345734596252441,3.237143349318881e-17,8.173968315124512
5,6,FKBP1A,9.23945140838623,6.032312859411485e-17,3.526256561279297
5,7,TCIM,9.226887702941895,6.032312859411485e-17,6.919765949249268
5,8,IGFBP7,9.218399047851562,6.032312859411485e-17,7.144139289855957
5,9,SPARC,9.208211898803711,6.032312859411485e-17,4.8915910720825195
5,10,SPARCL1,9.205495834350586,6.032312859411485e-17,7.412975311279297
5,11,S100A16,9.16899299621582,7.698801127814295e-17,6.307687759399414
5,12,MGP,9.102608680725098,1.0915182674494867e-16,5.909543037414551
5,13,CXorf36,9.093101501464844,1.0915182674494867e-16,10.028717994689941
5,14,ADGRL4,9.092421531677246,1.0915182674494867e-16,9.27010726928711
5,15,PDLIM1,9.08936595916748,1.0915182674494867e-16,5.855159282684326
5,16,ECSCR,9.085290908813477,1.0915182674494867e-16,9.082758903503418
5,17,CLEC14A,9.08155632019043,1.0915182674494867e-16,8.774749755859375
5,18,RAMP2,9.077820777893066,1.0915182674494867e-16,9.123862266540527
5,19,COL15A1,9.061521530151367,1.1861363775370837e-16,8.11050033569336
5,20,ITGA6,9.05727767944336,1.1861363775370837e-16,5.328663349151611
5,21,ESAM,9.036733627319336,1.3634061014372762e-16,7.654318809509277
5,22,PRSS23,9.029093742370605,1.395572645879509e-16,5.899264335632324
5,23,CD93,8.891402244567871,4.653470561550914e-16,4.281115531921387
5,24,SPTBN1,8.81126594543457,9.144965169013792e-16,4.769002914428711
5,25,TM4SF18,8.791910171508789,9.970756830830156e-16,9.92465591430664
5,26,PCAT19,8.788345336914062,9.970756830830156e-16,9.686563491821289
5,27,CLDN5,8.748616218566895,1.3681827990179385e-15,9.312670707702637
5,28,ID3,8.693607330322266,2.1474524972413043e-15,4.8627400398254395
5,29,CD59,8.677988052368164,2.3816765236228673e-15,4.027563095092773
5,30,EGFL7,8.66678237915039,2.5432763398638296e-15,6.389110565185547
6,1,LYZ,15.954957008361816,4.497552458430766e-53,3.8412981033325195
6,2,RPL30,15.913946151733398,4.497552458430766e-53,2.255988836288452
6,3,RPL23A,15.327881813049316,2.2080700444971972e-49,2.796699047088623
6,4,CD52,14.664200782775879,3.231003628522106e-45,4.177636623382568
6,5,ACTB,14.499466896057129,3.093689101179854e-44,1.3913037776947021
6,6,PABPC1,14.213083267211914,1.4978714246470383e-42,1.5827784538269043
6,7,RPS29,14.177857398986816,2.228194258758046e-42,1.6217745542526245
6,8,MNDA,13.670965194702148,2.440821752669262e-39,2.3974997997283936
6,9,FCN1,13.58056926727295,7.718379211266324e-39,6.771537780761719
6,10,RPS3A,13.490950584411621,2.41232093757919e-38,1.638158917427063
6,11,ARPC3,13.425851821899414,5.045022853880242e-38,1.9456958770751953
6,12,COTL1,13.257837295532227,4.07016905299507e-37,2.1153621673583984
6,13,SERPINA1,13.230727195739746,5.444369922006637e-37,2.77897572517395
6,14,TXNIP,13.208192825317383,6.6463987254381014e-37,2.126955986022949
6,15,FGL2,13.058914184570312,4.557476157578473e-36,2.1949985027313232
6,16,ARHGDIB,12.872077941894531,4.984814225220629e-35,1.6582812070846558
6,17,LGALS2,12.536654472351074,3.209318775977027e-33,4.489119529724121
6,18,PRELID1,12.512910842895508,4.168543294512746e-33,2.7679836750030518
6,19,JAML,12.374338150024414,2.2009029208273635e-32,3.428447961807251
6,20,JUNB,12.32693862915039,3.835008086790593e-32,2.001021385192871
6,21,RPS9,12.156420707702637,3.0342751241871467e-31,1.2804394960403442
6,22,RPS23,12.080183982849121,7.450571253030699e-31,1.2706669569015503
6,23,LST1,12.066024780273438,8.58163982769091e-31,1.803240418434143
6,24,FOS,12.047203063964844,1.0296634764310035e-30,1.623787522315979
6,25,CPVL,12.04616641998291,1.0296634764310035e-30,2.422826051712036
6,26,RPL27,11.987025260925293,2.0474570083142517e-30,1.3506479263305664
6,27,RPL11,11.906730651855469,5.233595753372569e-30,1.0296990871429443
6,28,CD48,11.887908935546875,6.384791789254872e-30,3.5429818630218506
6,29,RGS2,11.62561321258545,1.321156606989701e-28,2.1706035137176514
6,30,RPL37,11.573465347290039,2.3720090838656183e-28,1.0823849439620972
7,1,C3,20.261703491210938,4.968150289554591e-87,3.778087854385376
7,2,RGS1,19.17405128479004,5.407199975345329e-78,2.5220224857330322
7,3,CD74,19.002038955688477,9.698842390591895e-77,2.4192655086517334
7,4,HLA-DPA1,18.839054107666016,1.6023914444985e-75,2.6617207527160645
7,5,HLA-DRA,18.744184494018555,7.66083892107252e-75,2.7176311016082764
7,6,HLA-DPB1,18.48639488220215,7.855654594208345e-73,2.0467045307159424
7,7,HLA-DRB1,18.237695693969727,6.566638167464434e-71,2.101597547531128
7,8,HLA-DQA1,16.87543487548828,1.5125358514874743e-60,2.1925196647644043
7,9,RNASET2,15.6719388961792,4.637038902999381e-52,1.9317231178283691
7,10,HLA-DRB6,15.566940307617188,2.1658770185500847e-51,2.1434357166290283
7,11,HLA-DQB1,15.080904960632324,3.487456943791867e-48,2.228867530822754
7,12,HLA-DMA,15.055061340332031,4.7269381058453756e-48,1.5340662002563477
7,13,FCGBP,14.086628913879395,5.4269947007446795e-42,3.3213067054748535
7,14,HLA-DQA2,13.47358226776123,2.480326516967809e-38,1.6207636594772339
7,15,ALOX5AP,13.239233016967773,5.4335374615553585e-37,1.7847061157226562
7,16,C1QC,13.058196067810059,5.623022055049329e-36,1.923034906387329
7,17,PLD4,13.04059886932373,6.71113854628174e-36,3.9224793910980225
7,18,CCL3,12.757614135742188,2.50737267420353e-34,2.4840643405914307
7,19,CCL4L2,12.723198890686035,3.7120301051331406e-34,2.2774410247802734
7,20,SORL1,12.3828125,2.610514642857761e-32,2.146575450897217
7,21,LPAR6,12.193333625793457,2.5799528980669814e-31,1.8966673612594604
7,22,HLA-DMB,12.19054126739502,2.5799528980669814e-31,1.4964876174926758
7,23,ZFP36L1,11.811843872070312,2.405456321183302e-29,1.500864863395691
7,24,ZFP36,11.717883110046387,7.041512669006466e-29,1.552391767501831
7,25,FCGR1A,11.54366397857666,5.220367598096104e-28,1.5826919078826904
7,26,CCL3L1,11.506196975708008,7.509129187456963e-28,1.9586278200149536
7,27,ITM2B,11.466716766357422,1.1462629045448763e-27,1.182139277458191
7,28,HAMP,11.237302780151367,1.3951072049401582e-26,1.9583224058151245
7,29,FCGR2B,11.103668212890625,6.101486610861616e-26,1.9542080163955688
7,30,FCGR2A,10.845358848571777,1.0337303556128044e-24,1.4896808862686157
8,1,RGS5,8.067233085632324,3.2919103370490473e-12,10.536160469055176
8,2,SEPT4,8.055389404296875,3.2919103370490473e-12,8.856369018554688
8,3,FRZB,8.030070304870605,3.2919103370490473e-12,9.263557434082031
8,4,CCDC102B,8.018634796142578,3.2919103370490473e-12,7.646858215332031
8,5,THY1,7.99331521987915,3.2919103370490473e-12,8.058900833129883
8,6,CALD1,7.985556125640869,3.2919103370490473e-12,7.933531761169434
8,7,IGFBP7,7.984330654144287,3.2919103370490473e-12,8.653620719909668
8,8,MYL9,7.97820520401001,3.2919103370490473e-12,7.591523170471191
8,9,TPM2,7.918581008911133,4.224980606304479e-12,6.944991111755371
8,10,TAGLN,7.907145977020264,4.224980606304479e-12,7.916718482971191
8,11,DSTN,7.907145977020264,4.224980606304479e-12,4.650437355041504
8,12,ID3,7.896936416625977,4.224980606304479e-12,6.208990573883057
8,13,BGN,7.869166374206543,4.8710190960822184e-12,6.966683387756348
8,14,MGP,7.8516058921813965,5.203829803466121e-12,7.72878360748291
8,15,IFITM3,7.773195743560791,9.049443522382057e-12,3.364196300506592
8,16,SPARC,7.725823402404785,1.231975405636556e-11,5.207691669464111
8,17,NDUFA4L2,7.682126045227051,1.6325308170698987e-11,9.870847702026367
8,18,COL1A2,7.671099662780762,1.6803627078397024e-11,5.809508323669434
8,19,NR2F2,7.6402668952941895,2.0236261110010122e-11,7.879153251647949
8,20,CPE,7.616988658905029,2.302811904006066e-11,7.610973358154297
8,21,MCAM,7.6045331954956055,2.4150568660731902e-11,7.458962917327881
8,22,COL14A1,7.596977710723877,2.4438866470622073e-11,7.233237266540527
8,23,MYLK,7.581050872802734,2.545181612771532e-11,6.876274108886719
8,24,MAP1B,7.580438137054443,2.545181612771532e-11,7.052617073059082
8,25,SPARCL1,7.570228576660156,2.6227792444359704e-11,7.505560874938965
8,26,PLAC9,7.566144943237305,2.6227792444359704e-11,6.78888463973999
8,27,ACTA2,7.552872180938721,2.7097713675042566e-11,7.732142448425293
8,28,SELENOM,7.552259922027588,2.7097713675042566e-11,4.870867729187012
8,29,IFITM2,7.52979850769043,3.10817328756464e-11,3.400388717651367
8,30,CAV2,7.505908012390137,3.606772029768934e-11,6.098552227020264
9,1,GZMB,4.886851787567139,0.0023710676913859673,11.602657318115234
9,2,CLEC4C,4.886851787567139,0.0023710676913859673,11.68208122253418
9,3,PLAC8,4.879430770874023,0.0023710676913859673,8.261246681213379
9,4,IRF7,4.873359680175781,0.0023710676913859673,7.494306564331055
9,5,ITM2C,4.867288112640381,0.0023710676913859673,7.580119609832764
9,6,JCHAIN,4.8612165451049805,0.0023710676913859673,9.339009284973145
9,7,IGKC,4.8558197021484375,0.0023710676913859673,5.119277477264404
9,8,C12orf75,4.8558197021484375,0.0023710676913859673,7.259549140930176
9,9,IRF8,4.83625602722168,0.0023710676913859673,5.451187610626221
9,10,IL3RA,4.818716526031494,0.0023710676913859673,7.017871379852295
9,11,PLD4,4.805898666381836,0.0023710676913859673,5.852832317352295
9,12,RPS3A,4.7978034019470215,0.0023710676913859673,2.8909671306610107
9,13,ALOX5AP,4.722922325134277,0.0025198634649622226,3.4231386184692383
9,14,GPR183,4.72224760055542,0.0025198634649622226,3.535140037536621
9,15,SERPINF1,4.717525482177734,0.0025198634649622226,5.024048805236816
9,16,UGCG,4.7151641845703125,0.0025198634649622226,4.960025787353516
9,17,RPL37,4.687168121337891,0.0027296411619902377,2.0141286849975586
9,18,CCDC50,4.647366046905518,0.0029815898812875115,4.057438850402832
9,19,RPS27,4.626790523529053,0.0031367081025305515,1.9327715635299683
9,20,TPM2,4.558992862701416,0.0037772887627069425,5.0575971603393555
9,21,RPS27A,4.546849727630615,0.0037772887627069425,1.7463428974151611
9,22,SPCS1,4.538079738616943,0.0037772887627069425,3.3060131072998047
9,23,RPL30,4.5164923667907715,0.00378512604548517,2.776630163192749
9,24,DDIT4,4.515817642211914,0.00378512604548517,4.040123462677002
9,25,RPL11,4.509746551513672,0.00378512604548517,1.6940908432006836
9,26,HERPUD1,4.4949049949646,0.003857852495848349,3.3579835891723633
9,27,MPEG1,4.481750011444092,0.0039791808714861815,3.616231679916382
9,28,CXCR4,4.437226295471191,0.004489704090434561,4.054257392883301
9,29,RPS23,4.404507637023926,0.005082578018802258,2.017798900604248
9,30,RPL23,4.361332893371582,0.006033963673747229,1.7249181270599365
10,1,IGFBP7,13.082728385925293,7.331298007657775e-35,6.9123945236206055
10,2,CRYAB,12.894309997558594,2.8649934333163483e-34,7.926287651062012
10,3,TPM1,12.561963081359863,1.2123074514644107e-32,6.398679733276367
10,4,CNN3,12.465890884399414,3.387301723062163e-32,6.979747295379639
10,5,CTHRC1,12.345168113708496,1.1468261720402066e-31,7.642335891723633
10,6,CALD1,12.248013496398926,3.3929149410951807e-31,6.505113124847412
10,7,SELENOM,12.105287551879883,1.723074360003275e-30,5.171959400177002
10,8,RPS27L,12.099034309387207,1.723074360003275e-30,2.809276819229126
10,9,CCDC80,12.040838241577148,2.957205838596667e-30,7.181747913360596
10,10,SPARC,12.024124145507812,3.362257503124827e-30,4.758597373962402
10,11,COL1A2,11.70187759399414,1.0529343210773664e-28,7.327538013458252
10,12,COL8A1,11.536665916442871,6.647639494337603e-28,8.168004035949707
10,13,TIMP1,11.497828483581543,9.997462368347212e-28,3.6113691329956055
10,14,SULF1,11.293177604675293,9.67449314026696e-27,8.366044044494629
10,15,IFITM3,11.282236099243164,1.0550959452739019e-26,2.558520555496216
10,16,COL1A1,11.123878479003906,5.67619104207978e-26,7.626079082489014
10,17,EFEMP1,11.01469898223877,1.7447793133933903e-25,6.297936916351318
10,18,BEX3,10.938706398010254,3.708309459443039e-25,3.818319797515869
10,19,S100A13,10.8773832321167,7.0824694060579465e-25,5.301723957061768
10,20,AEBP1,10.827363014221191,1.1615640730040167e-24,7.658446311950684
10,21,MDK,10.795740127563477,1.5487549337822677e-24,5.9048261642456055
10,22,C1R,10.794177055358887,1.5487549337822677e-24,7.0619401931762695
10,23,DSTN,10.492972373962402,3.588043445317937e-23,3.1075873374938965
10,24,C5orf46,10.453653335571289,5.320613043218203e-23,8.009650230407715
10,25,HSPB1,10.354815483093262,1.4405133758419312e-22,2.1351468563079834
10,26,IGFBP6,10.13778018951416,1.3060611879049236e-21,6.683670520782471
10,27,COL5A1,10.126957893371582,1.4056174539463915e-21,6.615774154663086
10,28,TPM2,10.054693222045898,2.72570919197303e-21,5.629432201385498
10,29,PRDX4,9.920743942260742,1.0167944387877227e-20,2.942319393157959
10,30,VCAN,9.899101257324219,1.2416909946227639e-20,4.637537956237793
11,1,CD52,9.966238975524902,1.899507003070123e-19,5.585931777954102
11,2,TRAC,9.261051177978516,3.98943995241222e-17,8.548785209655762
11,3,RPLP2,9.157960891723633,9.38061638684989e-17,1.5669938325881958
11,4,RPLP1,9.119064331054688,1.2218450753441245e-16,1.5255584716796875
11,5,RPS29,9.007278442382812,3.1222138728588606e-16,2.462026834487915
11,6,CD3D,8.977869033813477,3.7665447843449676e-16,9.070027351379395
11,7,RPS3,8.937707901000977,4.698242478700668e-16,1.8445672988891602
11,8,IL32,8.856121063232422,9.184091509072772e-16,6.7183837890625
11,9,CD2,8.685199737548828,3.9446753355974825e-15,8.37105941772461
11,10,RPS27,8.62653923034668,6.231213230999011e-15,1.8920751810073853
11,11,RPS18,8.457674026489258,2.1034809499460572e-14,1.6382238864898682
11,12,RPSA,8.342883110046387,5.143784070256542e-14,2.3203999996185303
11,13,TRBC2,8.329601287841797,5.328643738278418e-14,7.486729621887207
11,14,RPL13,8.29529094696045,6.861672350503349e-14,1.6657971143722534
11,15,RPL30,8.142078399658203,2.2972327641469264e-13,2.4987518787384033
11,16,RPL23A,8.0261812210083,5.753303810593399e-13,2.9842960834503174
11,17,RPS21,8.016220092773438,6.029477550466203e-13,1.7538585662841797
11,18,RPS12,7.959298610687256,9.025892464255089e-13,1.7087069749832153
11,19,RPL27,7.791223526000977,3.269685661523484e-12,1.771754264831543
11,20,RPL35,7.772724151611328,3.682385221998196e-12,1.517608642578125
11,21,RPL18A,7.736358165740967,4.775224644453905e-12,1.6522150039672852
11,22,RPS6,7.715487003326416,5.481239593463426e-12,1.4850395917892456
11,23,MYL12A,7.631844520568848,9.545726602047665e-12,2.167527437210083
11,24,RPL32,7.626943111419678,9.690265765038805e-12,1.395188808441162
11,25,RPL24,7.615559101104736,1.0348660955656307e-11,1.6569664478302002
11,26,CD3G,7.578402042388916,1.3202232449942806e-11,8.828253746032715
11,27,CD96,7.563539505004883,1.4494331272661346e-11,8.237849235534668
11,28,RPS19,7.556582450866699,1.4978627113474855e-11,1.430307149887085
11,29,RPL27A,7.544249534606934,1.6137094503934964e-11,1.2569286823272705
11,30,RPS20,7.48242712020874,2.4887197554313285e-11,1.4461983442306519
12,1,CST7,3.726102590560913,0.03478645516698238,4.025595188140869
12,2,S100B,3.3779282569885254,0.09187278646189431,3.8994038105010986
12,3,SNU13,3.134430408477783,0.16074206930680435,1.2763422727584839
12,4,PPA1,2.91266131401062,0.26822839749793703,1.9718799591064453
12,5,SVIP,2.8716185092926025,0.2897344165597841,2.03079891204834
12,6,CCND2,2.842129707336426,0.3032046009849057,2.631390333175659
12,7,IL7R,2.8360939025878906,0.3056721483706267,2.956336259841919
12,8,AL138899.1,2.8233327865600586,0.3133792722280824,4.271684169769287
12,9,ITM2C,2.7312450408935547,0.3857884264104841,3.1994783878326416
12,10,PARM1,2.6633002758026123,0.44130538711584305,5.135274410247803
12,11,SSR4,2.575868606567383,0.5211586941906866,1.0559158325195312
12,12,IGHG3,2.450498342514038,0.6438514424076798,3.9029576778411865
12,13,ACOT7,2.414456605911255,0.6908071088224711,2.815255880355835
12,14,MZB1,2.404454469680786,0.7023949120391197,6.597161769866943
12,15,RPL21,2.4004881381988525,0.7065454383876109,0.4872117042541504
12,16,DERL3,2.392038106918335,0.7135335546927805,5.857789516448975
12,17,SELENOK,2.389451503753662,0.7135335546927805,1.2181532382965088
12,18,SEC11C,2.3301289081573486,0.7763783660192747,1.4242751598358154
12,19,XBP1,2.3221962451934814,0.7883166802168433,1.7640631198883057
12,20,ISG20,2.300985097885132,0.8195210626068614,2.2779037952423096
12,21,ADAMDEC1,2.289431095123291,0.8340670495372099,2.535360336303711
12,22,RGS16,2.2487330436706543,0.8923544356729952,1.8126585483551025
12,23,G0S2,2.2233831882476807,0.9321646453915582,1.6900064945220947
12,24,SPATS2,2.2228658199310303,0.9321646453915582,2.7469112873077393
12,25,DNAJB9,2.170269012451172,0.9944574445420145,1.553614616394043
12,26,SUB1,2.1442291736602783,0.9977131098911602,0.6345404982566833
12,27,CSNK2A1,2.0709383487701416,0.9977131098911602,1.149763584136963
12,28,JCHAIN,2.0093741416931152,0.9977131098911602,5.565793514251709
12,29,FKBP11,2.005235433578491,0.9977131098911602,4.012474536895752
12,30,IGHG1,1.9764363765716553,0.9977131098911602,4.926319599151611
13,1,H2AFZ,15.18880558013916,7.44060206256035e-48,3.865410089492798
13,2,HMGB1,14.740876197814941,3.1233518285033236e-45,2.682377815246582
13,3,STMN1,14.661713600158691,6.703095996147246e-45,4.590826988220215
13,4,MKI67,14.562162399291992,2.1677519468736086e-44,7.1962432861328125
13,5,HMGN2,14.427555084228516,1.231557146217881e-43,3.8266217708587646
13,6,NUSAP1,14.12317943572998,8.081357440609397e-42,6.642717361450195
13,7,PTMA,13.81277084350586,5.408769351727569e-40,1.7479627132415771
13,8,PTTG1,13.316262245178223,4.128233938333195e-37,5.6073102951049805
13,9,HMGB2,13.274861335754395,6.382789017693475e-37,3.7241721153259277
13,10,TOP2A,13.158873558044434,2.6840438201882153e-36,7.501043796539307
13,11,BIRC5,13.135988235473633,3.302299843416499e-36,7.110661506652832
13,12,HIST1H4C,12.855226516723633,1.1882287221364786e-34,4.280094623565674
13,13,CENPF,12.64603328704834,1.605426356862051e-33,6.365002155303955
13,14,TPX2,12.637711524963379,1.657212054735829e-33,7.249412536621094
13,15,H2AFV,12.513818740844727,7.418109924218142e-33,2.827432870864868
13,16,CDKN3,11.882702827453613,1.6138721835258603e-29,5.963984489440918
13,17,NUCKS1,11.571878433227539,5.969678308162027e-28,2.0152156352996826
13,18,CKS1B,11.53494930267334,8.665388349422316e-28,4.44273567199707
13,19,KIF11,11.474407196044922,1.6559725217112565e-27,6.354101181030273
13,20,CEP55,11.436022758483887,2.4500418882502543e-27,6.124580383300781
13,21,CKAP2,11.323051452636719,8.52195976200642e-27,4.067119598388672
13,22,UBE2C,11.200095176696777,3.2837327919200946e-26,7.2160515785217285
13,23,TUBB,10.921934127807617,6.982746267561502e-25,2.498211622238159
13,24,CENPM,10.89780044555664,8.726409536535746e-25,6.0547308921813965
13,25,CDCA8,10.836217880249023,1.644996812368931e-24,6.955003261566162
13,26,HIST1H1B,10.715237617492676,5.671594058015724e-24,6.599440097808838
13,27,HIST1H1C,10.691311836242676,7.080771069755468e-24,3.4328672885894775
13,28,PPIA,10.553688049316406,2.98725759218689e-23,1.1182781457901
13,29,CENPU,10.237245559692383,7.983174187928787e-22,5.014644622802734
13,30,DEK,9.9931001663208,9.34853092371373e-21,1.955234169960022
