cluster_id	era	cell_type	pmid	year	title	tier1_title_watch	tier2_assign_hits	own_deposit_D002	ruling	action	basis
Q6::13	变化簇-KB9重建	Keratocytes	34381080	2021	Molecular characteristics and spatial distribution of adult human corneal cell subtypes	False	5		保留	无	非 D002 source paper（观看列表 9 study 无匹配；片段含指派关系但对象为自有/第三方数据集）
Q6::13	变化簇-KB9重建	Keratocytes	37443842	2023	Single-Cell RNA Sequencing: Opportunities and Challenges for Studies on Corneal Biology in	False	6		保留	无	非 D002 source paper（观看列表 9 study 无匹配；片段含指派关系但对象为自有/第三方数据集）
Q6::15	变化簇-KB9重建	Keratocytes	34381080	2021	Molecular characteristics and spatial distribution of adult human corneal cell subtypes	False	5		保留	无	非 D002 source paper（观看列表 9 study 无匹配；片段含指派关系但对象为自有/第三方数据集）
Q6::15	变化簇-KB9重建	Keratocytes	37443842	2023	Single-Cell RNA Sequencing: Opportunities and Challenges for Studies on Corneal Biology in	False	6		保留	无	非 D002 source paper（观看列表 9 study 无匹配；片段含指派关系但对象为自有/第三方数据集）
Q6::15	变化簇-KB9重建	face_v6::Keratocytes	34381080	2021	Molecular characteristics and spatial distribution of adult human corneal cell subtypes	False	5		保留	无	非 D002 source paper（观看列表 9 study 无匹配；片段含指派关系但对象为自有/第三方数据集）
Q6::15	变化簇-KB9重建	face_v6::Keratocytes	37443842	2023	Single-Cell RNA Sequencing: Opportunities and Challenges for Studies on Corneal Biology in	False	6		保留	无	非 D002 source paper（观看列表 9 study 无匹配；片段含指派关系但对象为自有/第三方数据集）
Q6::11	变化簇-KB9重建	Endo	34381080	2021	Molecular characteristics and spatial distribution of adult human corneal cell subtypes	False	5		保留	无	非 D002 source paper（观看列表 9 study 无匹配；片段含指派关系但对象为自有/第三方数据集）
Q6::11	变化簇-KB9重建	Endo	36712326	2022	Single cell RNA-seq of human cornea organoids identifies cell fates of a developing immatu	True	2	GSE218123	同源排除	票面剔除该 lit 行（票面污染事件，block 留痕）	chakravarti_GSE218123（Maiti et al. PNAS Nexus 2022，通讯 Chakravarti；Data Availability 自存 GSE218123=GEO 系列题名逐字一致；D002 obs.study 直读 chakravarti_GSE218123 GSM6735065… 4,388 评测细胞）
Q6::21	变化簇-KB9重建	Keratocytes	34381080	2021	Molecular characteristics and spatial distribution of adult human corneal cell subtypes	False	5		保留	无	非 D002 source paper（观看列表 9 study 无匹配；片段含指派关系但对象为自有/第三方数据集）
Q6::21	变化簇-KB9重建	Keratocytes	37443842	2023	Single-Cell RNA Sequencing: Opportunities and Challenges for Studies on Corneal Biology in	False	6		保留	无	非 D002 source paper（观看列表 9 study 无匹配；片段含指派关系但对象为自有/第三方数据集）
Q6::21	变化簇-KB9重建	face_v6::Keratocytes	34381080	2021	Molecular characteristics and spatial distribution of adult human corneal cell subtypes	False	5		保留	无	非 D002 source paper（观看列表 9 study 无匹配；片段含指派关系但对象为自有/第三方数据集）
Q6::21	变化簇-KB9重建	face_v6::Keratocytes	37443842	2023	Single-Cell RNA Sequencing: Opportunities and Challenges for Studies on Corneal Biology in	False	6		保留	无	非 D002 source paper（观看列表 9 study 无匹配；片段含指派关系但对象为自有/第三方数据集）
Q6::4	变化簇-KB9重建	Conj_epithelium_basal	37389178	2023	Identification of BST2 as a conjunctival epithelial stem/progenitor cell marker	False	2		保留	无	非 D002 source paper（观看列表 9 study 无匹配；片段含指派关系但对象为自有/第三方数据集）
Q6::4	变化簇-KB9重建	Conj_epithelium_basal	38177186	2024	The single-cell transcriptomic atlas and RORA-mediated 3D epigenomic remodeling in driving	False	2		保留	无	非 D002 source paper（观看列表 9 study 无匹配；片段含指派关系但对象为自有/第三方数据集）
Q6::2	变化簇-KB9重建	Conj_epithelium_basal	37389178	2023	Identification of BST2 as a conjunctival epithelial stem/progenitor cell marker	False	2		保留	无	非 D002 source paper（观看列表 9 study 无匹配；片段含指派关系但对象为自有/第三方数据集）
Q6::2	变化簇-KB9重建	Conj_epithelium_basal	38177186	2024	The single-cell transcriptomic atlas and RORA-mediated 3D epigenomic remodeling in driving	False	2		保留	无	非 D002 source paper（观看列表 9 study 无匹配；片段含指派关系但对象为自有/第三方数据集）
Q6::2	变化簇-KB9重建	Conj_epithelium_suprabasal	37389178	2023	Identification of BST2 as a conjunctival epithelial stem/progenitor cell marker	False	2		保留	无	非 D002 source paper（观看列表 9 study 无匹配；片段含指派关系但对象为自有/第三方数据集）
Q6::2	变化簇-KB9重建	Conj_epithelium_suprabasal	34381080	2021	Molecular characteristics and spatial distribution of adult human corneal cell subtypes	False	5		保留	无	非 D002 source paper（观看列表 9 study 无匹配；片段含指派关系但对象为自有/第三方数据集）
Q6::19	变化簇-KB9重建	Fibroblast	40402520	2025	Distinct Transcriptomic Profiles of Cultured Anterior and Posterior Populations of Human I	False	0		保留	无	非 D002 source paper（观看列表 9 study 无匹配；无 D002 存集声明）
Q6::19	变化簇-KB9重建	Fibroblast	40576432	2025	Single-Cell RNA Sequencing of Rabbit Sclera at Different Developmental Stages: Unveiling S	False	3		保留	无	非 D002 source paper（观看列表 9 study 无匹配；片段含指派关系但对象为自有/第三方数据集）
Q6::19	变化簇-KB9重建	Myofibroblast	40402520	2025	Distinct Transcriptomic Profiles of Cultured Anterior and Posterior Populations of Human I	False	0		保留	无	非 D002 source paper（观看列表 9 study 无匹配；无 D002 存集声明）
Q6::19	变化簇-KB9重建	Myofibroblast	38177186	2024	The single-cell transcriptomic atlas and RORA-mediated 3D epigenomic remodeling in driving	False	2		保留	无	非 D002 source paper（观看列表 9 study 无匹配；片段含指派关系但对象为自有/第三方数据集）
Q6::5	变化簇-KB9重建	Conj_epithelium_basal	37389178	2023	Identification of BST2 as a conjunctival epithelial stem/progenitor cell marker	False	2		保留	无	非 D002 source paper（观看列表 9 study 无匹配；片段含指派关系但对象为自有/第三方数据集）
Q6::5	变化簇-KB9重建	Conj_epithelium_basal	38177186	2024	The single-cell transcriptomic atlas and RORA-mediated 3D epigenomic remodeling in driving	False	2		保留	无	非 D002 source paper（观看列表 9 study 无匹配；片段含指派关系但对象为自有/第三方数据集）
Q6::14	冻结簇-RUN5代	Keratocytes	34381080	2021	Molecular characteristics and spatial distribution of adult human corneal cell subtypes	False	5		保留	无	非 D002 source paper（观看列表 9 study 无匹配；片段含指派关系但对象为自有/第三方数据集）
Q6::14	冻结簇-RUN5代	Keratocytes	37443842	2023	Single-Cell RNA Sequencing: Opportunities and Challenges for Studies on Corneal Biology in	False	6		保留	无	非 D002 source paper（观看列表 9 study 无匹配；片段含指派关系但对象为自有/第三方数据集）
Q6::3	变化簇-KB9重建	Conj_epithelium_suprabasal	37389178	2023	Identification of BST2 as a conjunctival epithelial stem/progenitor cell marker	False	2		保留	无	非 D002 source paper（观看列表 9 study 无匹配；片段含指派关系但对象为自有/第三方数据集）
Q6::3	变化簇-KB9重建	Conj_epithelium_suprabasal	34381080	2021	Molecular characteristics and spatial distribution of adult human corneal cell subtypes	False	5		保留	无	非 D002 source paper（观看列表 9 study 无匹配；片段含指派关系但对象为自有/第三方数据集）
Q6::3	变化簇-KB9重建	Conj_epithelium_basal	37389178	2023	Identification of BST2 as a conjunctival epithelial stem/progenitor cell marker	False	2		保留	无	非 D002 source paper（观看列表 9 study 无匹配；片段含指派关系但对象为自有/第三方数据集）
Q6::3	变化簇-KB9重建	Conj_epithelium_basal	38177186	2024	The single-cell transcriptomic atlas and RORA-mediated 3D epigenomic remodeling in driving	False	2		保留	无	非 D002 source paper（观看列表 9 study 无匹配；片段含指派关系但对象为自有/第三方数据集）
Q6::22	变化簇-KB9重建	Fibroblast	40402520	2025	Distinct Transcriptomic Profiles of Cultured Anterior and Posterior Populations of Human I	False	0		保留	无	非 D002 source paper（观看列表 9 study 无匹配；无 D002 存集声明）
Q6::22	变化簇-KB9重建	Fibroblast	40576432	2025	Single-Cell RNA Sequencing of Rabbit Sclera at Different Developmental Stages: Unveiling S	False	3		保留	无	非 D002 source paper（观看列表 9 study 无匹配；片段含指派关系但对象为自有/第三方数据集）
Q6::22	变化簇-KB9重建	Myofibroblast	40402520	2025	Distinct Transcriptomic Profiles of Cultured Anterior and Posterior Populations of Human I	False	0		保留	无	非 D002 source paper（观看列表 9 study 无匹配；无 D002 存集声明）
Q6::22	变化簇-KB9重建	Myofibroblast	38177186	2024	The single-cell transcriptomic atlas and RORA-mediated 3D epigenomic remodeling in driving	False	2		保留	无	非 D002 source paper（观看列表 9 study 无匹配；片段含指派关系但对象为自有/第三方数据集）
Q6::22	变化簇-KB9重建	Keratocytes	34381080	2021	Molecular characteristics and spatial distribution of adult human corneal cell subtypes	False	5		保留	无	非 D002 source paper（观看列表 9 study 无匹配；片段含指派关系但对象为自有/第三方数据集）
Q6::22	变化簇-KB9重建	Keratocytes	37443842	2023	Single-Cell RNA Sequencing: Opportunities and Challenges for Studies on Corneal Biology in	False	6		保留	无	非 D002 source paper（观看列表 9 study 无匹配；片段含指派关系但对象为自有/第三方数据集）
Q6::33	变化簇-KB9重建	Fibroblast	40402520	2025	Distinct Transcriptomic Profiles of Cultured Anterior and Posterior Populations of Human I	False	0		保留	无	非 D002 source paper（观看列表 9 study 无匹配；无 D002 存集声明）
Q6::33	变化簇-KB9重建	Fibroblast	40576432	2025	Single-Cell RNA Sequencing of Rabbit Sclera at Different Developmental Stages: Unveiling S	False	3		保留	无	非 D002 source paper（观看列表 9 study 无匹配；片段含指派关系但对象为自有/第三方数据集）
Q6::33	变化簇-KB9重建	Myofibroblast	40402520	2025	Distinct Transcriptomic Profiles of Cultured Anterior and Posterior Populations of Human I	False	0		保留	无	非 D002 source paper（观看列表 9 study 无匹配；无 D002 存集声明）
Q6::33	变化簇-KB9重建	Myofibroblast	38177186	2024	The single-cell transcriptomic atlas and RORA-mediated 3D epigenomic remodeling in driving	False	2		保留	无	非 D002 source paper（观看列表 9 study 无匹配；片段含指派关系但对象为自有/第三方数据集）
Q6::33	变化簇-KB9重建	Keratocytes	34381080	2021	Molecular characteristics and spatial distribution of adult human corneal cell subtypes	False	5		保留	无	非 D002 source paper（观看列表 9 study 无匹配；片段含指派关系但对象为自有/第三方数据集）
Q6::33	变化簇-KB9重建	Keratocytes	37443842	2023	Single-Cell RNA Sequencing: Opportunities and Challenges for Studies on Corneal Biology in	False	6		保留	无	非 D002 source paper（观看列表 9 study 无匹配；片段含指派关系但对象为自有/第三方数据集）
Q6::25	变化簇-KB9重建	Melanocyte	37443842	2023	Single-Cell RNA Sequencing: Opportunities and Challenges for Studies on Corneal Biology in	False	6		保留	无	非 D002 source paper（观看列表 9 study 无匹配；片段含指派关系但对象为自有/第三方数据集）
Q6::25	变化簇-KB9重建	Melanocyte	41309590	2025	Neuroectoderm-derived iris muscle characterization at the single-cell resolution in native	False	2		保留	无	非 D002 source paper（观看列表 9 study 无匹配；片段含指派关系但对象为自有/第三方数据集）
Q6::28	变化簇-KB9重建	Keratocytes	34381080	2021	Molecular characteristics and spatial distribution of adult human corneal cell subtypes	False	5		保留	无	非 D002 source paper（观看列表 9 study 无匹配；片段含指派关系但对象为自有/第三方数据集）
Q6::28	变化簇-KB9重建	Keratocytes	37443842	2023	Single-Cell RNA Sequencing: Opportunities and Challenges for Studies on Corneal Biology in	False	6		保留	无	非 D002 source paper（观看列表 9 study 无匹配；片段含指派关系但对象为自有/第三方数据集）
Q6::28	变化簇-KB9重建	face_v6::Keratocytes	34381080	2021	Molecular characteristics and spatial distribution of adult human corneal cell subtypes	False	5		保留	无	非 D002 source paper（观看列表 9 study 无匹配；片段含指派关系但对象为自有/第三方数据集）
Q6::28	变化簇-KB9重建	face_v6::Keratocytes	37443842	2023	Single-Cell RNA Sequencing: Opportunities and Challenges for Studies on Corneal Biology in	False	6		保留	无	非 D002 source paper（观看列表 9 study 无匹配；片段含指派关系但对象为自有/第三方数据集）
Q6::17	变化簇-KB9重建	Schwann	40576432	2025	Single-Cell RNA Sequencing of Rabbit Sclera at Different Developmental Stages: Unveiling S	False	3		保留	无	非 D002 source paper（观看列表 9 study 无匹配；片段含指派关系但对象为自有/第三方数据集）
Q6::17	变化簇-KB9重建	Schwann	36163311	2022	A single-cell transcriptomic atlas of the human ciliary body	False	8		保留	无	非 D002 source paper（观看列表 9 study 无匹配；片段含指派关系但对象为自有/第三方数据集）
Q6::8	冻结簇-RUN5代	T	40882639	2025	Single-cell transcriptome and surfaceome profiling of the adult human retinal pigment epit	False	2		保留	无	非 D002 source paper（观看列表 9 study 无匹配；片段含指派关系但对象为自有/第三方数据集）
Q6::8	冻结簇-RUN5代	T	37156914	2023	Multimodal spatiotemporal phenotyping of human retinal organoid development.	False	10		保留	无	非 D002 source paper（观看列表 9 study 无匹配；片段含指派关系但对象为自有/第三方数据集）
Q6::26	变化簇-KB9重建	Mac_DAM_LAM	37443842	2023	Single-Cell RNA Sequencing: Opportunities and Challenges for Studies on Corneal Biology in	False	6		保留	无	非 D002 source paper（观看列表 9 study 无匹配；片段含指派关系但对象为自有/第三方数据集）
Q6::26	变化簇-KB9重建	Mac_DAM_LAM	39422453	2024	Transcriptomic profiling of Schlemm’s canal cells reveals a lymphatic-biased identity and 	False	3		保留	无	非 D002 source paper（观看列表 9 study 无匹配；片段含指派关系但对象为自有/第三方数据集）
Q6::26	变化簇-KB9重建	Mono_Nonclassical	37443842	2023	Single-Cell RNA Sequencing: Opportunities and Challenges for Studies on Corneal Biology in	False	6		保留	无	非 D002 source paper（观看列表 9 study 无匹配；片段含指派关系但对象为自有/第三方数据集）
Q6::26	变化簇-KB9重建	Mono_Nonclassical	39422453	2024	Transcriptomic profiling of Schlemm’s canal cells reveals a lymphatic-biased identity and 	False	3		保留	无	非 D002 source paper（观看列表 9 study 无匹配；片段含指派关系但对象为自有/第三方数据集）
Q6::29	变化簇-KB9重建	Conj_epithelium_basal	37389178	2023	Identification of BST2 as a conjunctival epithelial stem/progenitor cell marker	False	2		保留	无	非 D002 source paper（观看列表 9 study 无匹配；片段含指派关系但对象为自有/第三方数据集）
Q6::29	变化簇-KB9重建	Conj_epithelium_basal	38177186	2024	The single-cell transcriptomic atlas and RORA-mediated 3D epigenomic remodeling in driving	False	2		保留	无	非 D002 source paper（观看列表 9 study 无匹配；片段含指派关系但对象为自有/第三方数据集）
Q6::7	变化簇-KB9重建	Endo	34381080	2021	Molecular characteristics and spatial distribution of adult human corneal cell subtypes	False	5		保留	无	非 D002 source paper（观看列表 9 study 无匹配；片段含指派关系但对象为自有/第三方数据集）
Q6::7	变化簇-KB9重建	Endo	36712326	2022	Single cell RNA-seq of human cornea organoids identifies cell fates of a developing immatu	True	2	GSE218123	同源排除	票面剔除该 lit 行（票面污染事件，block 留痕）	chakravarti_GSE218123（Maiti et al. PNAS Nexus 2022，通讯 Chakravarti；Data Availability 自存 GSE218123=GEO 系列题名逐字一致；D002 obs.study 直读 chakravarti_GSE218123 GSM6735065… 4,388 评测细胞）
Q6::30	变化簇-KB9重建	Conj_epithelium_basal	37389178	2023	Identification of BST2 as a conjunctival epithelial stem/progenitor cell marker	False	2		保留	无	非 D002 source paper（观看列表 9 study 无匹配；片段含指派关系但对象为自有/第三方数据集）
Q6::30	变化簇-KB9重建	Conj_epithelium_basal	38177186	2024	The single-cell transcriptomic atlas and RORA-mediated 3D epigenomic remodeling in driving	False	2		保留	无	非 D002 source paper（观看列表 9 study 无匹配；片段含指派关系但对象为自有/第三方数据集）
Q6::30	变化簇-KB9重建	Conj_epithelium_suprabasal	37389178	2023	Identification of BST2 as a conjunctival epithelial stem/progenitor cell marker	False	2		保留	无	非 D002 source paper（观看列表 9 study 无匹配；片段含指派关系但对象为自有/第三方数据集）
Q6::30	变化簇-KB9重建	Conj_epithelium_suprabasal	34381080	2021	Molecular characteristics and spatial distribution of adult human corneal cell subtypes	False	5		保留	无	非 D002 source paper（观看列表 9 study 无匹配；片段含指派关系但对象为自有/第三方数据集）
