cluster_id	era	n_cells	truth	truth_frac	n_truth_cells	vote_A	grade_A	vote_B	grade_B	vote_C	grade_C	consensus_c2b	mode	n_ballots	p1_hit	kb_n	kb_top1	top10	n_truth_marker_in_top10	truth_markers_in_top10	p2_strict_violation	p2_any_violation	p2_detail
Q6::13	变化簇	7357	Fibroblasts	0.9989	7357	Fibroblasts	B	coarse:Fibroblasts	C	coarse:Stromal	C	Fibroblasts	named	3	True	1	Keratocytes	APOD;MT2A;NNMT;IGFBP5;ID3;VIM;MGP;PLA2G2A;;ANGPTL7	10	APOD;MT2A;NNMT;IGFBP5;ID3;VIM;MGP;PLA2G2A;;ANGPTL7	False	False	{"strict": {"kb_classes": ["Fibroblasts"], "mapping": ["Keratocytes->Fibroblasts(alias)"], "name_matches_kb": true, "differs_from_truth": false, "direct_evidence_contradicts": true, "violation": false}, "any": {"kb_classes": ["Fibroblasts"], "mapping": ["Keratocytes->Fibroblasts(alias)"], "name_matches_kb": true, "differs_from_truth": false, "direct_evidence_contradicts": true, "violation": false}}
Q6::15	变化簇	7128	Fibroblasts	0.999	7128	Fibroblasts	B	Keratocytes	B	coarse:Stromal	C	None	split3	3	False	2	Keratocytes	APOD;SAA1;ANGPTL7;ALDH3A1;KERA;CST3;ITGBL1;MT2A;VIM;NNMT	9	APOD;SAA1;ANGPTL7;KERA;CST3;ITGBL1;MT2A;VIM;NNMT	False	False	{"strict": {"kb_classes": ["Fibroblasts"], "mapping": ["Keratocytes->Fibroblasts(alias)"], "name_matches_kb": false, "differs_from_truth": false, "direct_evidence_contradicts": true, "violation": false}, "any": {"kb_classes": ["Fibroblasts"], "mapping": ["Keratocytes->Fibroblasts(alias)", "face_v6::Keratocytes->Fibroblasts(alias)"], "name_matches_kb": false, "differs_from_truth": false, "direct_evidence_contradicts": true, "violation": false}}
Q6::23	冻结簇	6899	Epithelium	0.9993	6899	Epithelium	B	Epithelium	B	Epithelium	B	Epithelium	named	3	True	0		KRT12;ADIRF;FABP5;UPK3BL1;KRT3;DAPL1;CLDN4;CTSV;MAL;CXCL14	10	KRT12;ADIRF;FABP5;UPK3BL1;KRT3;DAPL1;CLDN4;CTSV;MAL;CXCL14	False	False	{"strict": {"kb_classes": [], "mapping": [], "name_matches_kb": false, "differs_from_truth": false, "direct_evidence_contradicts": true, "violation": false}, "any": {"kb_classes": [], "mapping": [], "name_matches_kb": false, "differs_from_truth": false, "direct_evidence_contradicts": true, "violation": false}}
Q6::24	变化簇	6565	Pericytes	0.9866	6565	Smooth Muscle Cells	B	Smooth Muscle Cells	B	coarse:Mesenchymal	C	Smooth Muscle Cells	named	3	False	0		C11orf96;TAGLN;TPM2;ID4;PRKG1;ACTA2;HSPA1A;MYL9;VIM;PDE3A	10	C11orf96;TAGLN;TPM2;ID4;PRKG1;ACTA2;HSPA1A;MYL9;VIM;PDE3A	False	False	{"strict": {"kb_classes": [], "mapping": [], "name_matches_kb": false, "differs_from_truth": true, "direct_evidence_contradicts": true, "violation": false}, "any": {"kb_classes": [], "mapping": [], "name_matches_kb": false, "differs_from_truth": true, "direct_evidence_contradicts": true, "violation": false}}
Q6::6	变化簇	6385	Epithelium	0.9981	6385	Epithelium	B	Epithelium	B	Epithelium	B	Epithelium	named	3	True	0		KRT14;S100A2;KRT12;ALDH3A1;CXCL14;CLDN4;FABP5;FTH1;DSG3;CTSV	10	KRT14;S100A2;KRT12;ALDH3A1;CXCL14;CLDN4;FABP5;FTH1;DSG3;CTSV	False	False	{"strict": {"kb_classes": [], "mapping": [], "name_matches_kb": false, "differs_from_truth": false, "direct_evidence_contradicts": true, "violation": false}, "any": {"kb_classes": [], "mapping": [], "name_matches_kb": false, "differs_from_truth": false, "direct_evidence_contradicts": true, "violation": false}}
Q6::9	冻结簇	5861	Epithelium	0.998	5861	Epithelium	B	Epithelium	B	Epithelium	B	Epithelium	named	3	True	0		S100A2;KRT14;KRT17;FGFBP1;S100A11;LAMC2;IGFBP3;DST;PLAU;MMP10	9	S100A2;KRT14;KRT17;FGFBP1;S100A11;LAMC2;IGFBP3;DST;PLAU	False	False	{"strict": {"kb_classes": [], "mapping": [], "name_matches_kb": false, "differs_from_truth": false, "direct_evidence_contradicts": true, "violation": false}, "any": {"kb_classes": [], "mapping": [], "name_matches_kb": false, "differs_from_truth": false, "direct_evidence_contradicts": true, "violation": false}}
Q6::12	冻结簇	5722	Fibroblasts	0.9986	5722	coarse:Immune/Fibroblast	C	coarse:Immune Cells	C	undetermined	C	None	tie	2	False	0		MMP3;;CXCL8;CXCL1;MT2A;IER3;AKR1C1;SERPINE2;PTGS2;APOD	10	MMP3;;CXCL8;CXCL1;MT2A;IER3;AKR1C1;SERPINE2;PTGS2;APOD	False	False	{"strict": {"kb_classes": [], "mapping": [], "name_matches_kb": false, "differs_from_truth": false, "direct_evidence_contradicts": true, "violation": false}, "any": {"kb_classes": [], "mapping": [], "name_matches_kb": false, "differs_from_truth": false, "direct_evidence_contradicts": true, "violation": false}}
Q6::11	变化簇	5140	Endothelium	0.9992	5140	Endothelium	B	Endothelium	B	Endothelium	B	Endothelium	named	3	True	1	Endo	SPARCL1;MCTP1;TCF4;RALGAPA2;ZNF385D;CD74;ADAMTS9;HLA-DRB1;ADGRL4;CALCRL	10	SPARCL1;MCTP1;TCF4;RALGAPA2;ZNF385D;CD74;ADAMTS9;HLA-DRB1;ADGRL4;CALCRL	False	False	{"strict": {"kb_classes": [], "mapping": [], "name_matches_kb": false, "differs_from_truth": false, "direct_evidence_contradicts": true, "violation": false}, "any": {"kb_classes": [], "mapping": [], "name_matches_kb": false, "differs_from_truth": false, "direct_evidence_contradicts": true, "violation": false}}
Q6::21	变化簇	4897	Fibroblasts	1.0	4897	Fibroblasts	B	Fibroblasts	B	Fibroblasts	B	Fibroblasts	named	3	True	2	Keratocytes	SAA1;APOD;ANGPTL7;ITGBL1;KERA;CEMIP;COL5A2;COL6A3;STEAP4;RARRES1	10	SAA1;APOD;ANGPTL7;ITGBL1;KERA;CEMIP;COL5A2;COL6A3;STEAP4;RARRES1	False	False	{"strict": {"kb_classes": ["Fibroblasts"], "mapping": ["Keratocytes->Fibroblasts(alias)"], "name_matches_kb": true, "differs_from_truth": false, "direct_evidence_contradicts": true, "violation": false}, "any": {"kb_classes": ["Fibroblasts"], "mapping": ["Keratocytes->Fibroblasts(alias)", "face_v6::Keratocytes->Fibroblasts(alias)"], "name_matches_kb": true, "differs_from_truth": false, "direct_evidence_contradicts": true, "violation": false}}
Q6::20	变化簇	4542	Epithelium	0.9954	4542	Epithelium	B	Epithelium	B	Epithelium	B	Epithelium	named	3	True	0		KRT12;CXCL14;ALDH3A1;KRT14;FABP5;CTSV;DAPL1;MT1X;ADIRF;DST	10	KRT12;CXCL14;ALDH3A1;KRT14;FABP5;CTSV;DAPL1;MT1X;ADIRF;DST	False	False	{"strict": {"kb_classes": [], "mapping": [], "name_matches_kb": false, "differs_from_truth": false, "direct_evidence_contradicts": true, "violation": false}, "any": {"kb_classes": [], "mapping": [], "name_matches_kb": false, "differs_from_truth": false, "direct_evidence_contradicts": true, "violation": false}}
Q6::1	冻结簇	4421	Epithelium	0.9991	4421	Epithelium	B	Epithelium	B	Epithelium	C	Epithelium	named	3	True	0		KRT12;APOBEC3A;CLDN4;ADIRF;DSG3;AREG;IL36G;CTSV;FABP5;SERPINB2	10	KRT12;APOBEC3A;CLDN4;ADIRF;DSG3;AREG;IL36G;CTSV;FABP5;SERPINB2	False	False	{"strict": {"kb_classes": [], "mapping": [], "name_matches_kb": false, "differs_from_truth": false, "direct_evidence_contradicts": true, "violation": false}, "any": {"kb_classes": [], "mapping": [], "name_matches_kb": false, "differs_from_truth": false, "direct_evidence_contradicts": true, "violation": false}}
Q6::4	变化簇	4276	Epithelium	0.9958	4276	Epithelium	B	Epithelium	B	Epithelium	B	Epithelium	named	3	True	1	Conj_epithelium_basal	KRT15;KRT14;CXCL14;S100A2;MT1X;KRT19;DST;AQP3;SLC6A6;KRT17	9	KRT15;KRT14;CXCL14;S100A2;MT1X;KRT19;DST;AQP3;KRT17	False	False	{"strict": {"kb_classes": ["Epithelium"], "mapping": ["Conj_epithelium_basal->Epithelium(alias)"], "name_matches_kb": true, "differs_from_truth": false, "direct_evidence_contradicts": true, "violation": false}, "any": {"kb_classes": ["Epithelium"], "mapping": ["Conj_epithelium_basal->Epithelium(alias)"], "name_matches_kb": true, "differs_from_truth": false, "direct_evidence_contradicts": true, "violation": false}}
Q6::2	变化簇	3499	Epithelium	0.9991	3499	Epithelium	B	Epithelium	C	Epithelium	C	Epithelium	named	3	True	2	Conj_epithelium_basal	KRT13;S100A9;KRT19;S100A8;AQP5;SLPI;FABP5;UPK3BL1;CLDN4;AQP3	9	KRT13;S100A9;KRT19;S100A8;SLPI;FABP5;UPK3BL1;CLDN4;AQP3	False	False	{"strict": {"kb_classes": ["Epithelium"], "mapping": ["Conj_epithelium_basal->Epithelium(alias)"], "name_matches_kb": true, "differs_from_truth": false, "direct_evidence_contradicts": true, "violation": false}, "any": {"kb_classes": ["Epithelium"], "mapping": ["Conj_epithelium_basal->Epithelium(alias)", "Conj_epithelium_suprabasal->Epithelium(alias)"], "name_matches_kb": true, "differs_from_truth": false, "direct_evidence_contradicts": true, "violation": false}}
Q6::0	冻结簇	2806	Epithelium	0.9996	2806	Epithelium	B	Epithelium	B	Epithelium	C	Epithelium	named	3	True	0		APOBEC3A;CSTB;KRT6A;SPRR1B;UPK3BL1;KRT17;ALDH1A3;SPRR2A;CD24;SCEL	9	APOBEC3A;CSTB;KRT6A;UPK3BL1;KRT17;ALDH1A3;SPRR2A;CD24;SCEL	False	False	{"strict": {"kb_classes": [], "mapping": [], "name_matches_kb": false, "differs_from_truth": false, "direct_evidence_contradicts": true, "violation": false}, "any": {"kb_classes": [], "mapping": [], "name_matches_kb": false, "differs_from_truth": false, "direct_evidence_contradicts": true, "violation": false}}
Q6::19	变化簇	2707	Fibroblasts	0.9974	2707	Fibroblasts	B	Fibroblasts	B	Fibroblasts	B	Fibroblasts	named	3	True	2	Fibroblast	COL1A1;COL1A2;MGP;IGFBP5;SPARC;VIM;HSPA1A;ID3;HSPA5;HSPA1B	8	COL1A1;COL1A2;MGP;IGFBP5;VIM;HSPA1A;ID3;HSPA1B	False	False	{"strict": {"kb_classes": ["Fibroblasts"], "mapping": ["Fibroblast->Fibroblasts(alias)"], "name_matches_kb": true, "differs_from_truth": false, "direct_evidence_contradicts": true, "violation": false}, "any": {"kb_classes": ["Fibroblasts", "Smooth Muscle Cells"], "mapping": ["Fibroblast->Fibroblasts(alias)", "Myofibroblast->Fibroblasts|Smooth Muscle Cells(ambiguous)"], "name_matches_kb": true, "differs_from_truth": false, "direct_evidence_contradicts": true, "violation": false}}
Q6::5	变化簇	2219	Epithelium	0.9968	2219	Epithelium	B	Epithelium	B	Epithelium	C	Epithelium	named	3	True	1	Conj_epithelium_basal	KRT12;KRT15;FABP5;CXCL14;KRT19;CLDN4;MT1X;ADIRF;DAPL1;UPK3BL1	10	KRT12;KRT15;FABP5;CXCL14;KRT19;CLDN4;MT1X;ADIRF;DAPL1;UPK3BL1	False	False	{"strict": {"kb_classes": ["Epithelium"], "mapping": ["Conj_epithelium_basal->Epithelium(alias)"], "name_matches_kb": true, "differs_from_truth": false, "direct_evidence_contradicts": true, "violation": false}, "any": {"kb_classes": ["Epithelium"], "mapping": ["Conj_epithelium_basal->Epithelium(alias)"], "name_matches_kb": true, "differs_from_truth": false, "direct_evidence_contradicts": true, "violation": false}}
Q6::14	冻结簇	1931	Fibroblasts	1.0	1931	Fibroblasts	B	coarse:Fibroblasts	C	Fibroblasts	C	Fibroblasts	named	3	True	1	Keratocytes	SAA1;APOD;MT2A;CXCL8;ID3;CXCL2;NNMT;PTGS2;MT1M;MT1E	9	SAA1;APOD;MT2A;CXCL8;ID3;CXCL2;NNMT;PTGS2;MT1M	False	False	{"strict": {"kb_classes": ["Fibroblasts"], "mapping": ["Keratocytes->Fibroblasts(alias)"], "name_matches_kb": true, "differs_from_truth": false, "direct_evidence_contradicts": true, "violation": false}, "any": {"kb_classes": ["Fibroblasts"], "mapping": ["Keratocytes->Fibroblasts(alias)"], "name_matches_kb": true, "differs_from_truth": false, "direct_evidence_contradicts": true, "violation": false}}
Q6::18	变化簇	1672	Fibroblasts	1.0	1672	undetermined	C	coarse:Fibroblasts	C	undetermined	C	None	tie	1	False	0		PLA2G2A;SAA1;CHI3L1;MGP;ANGPTL7;MYOC;APOD;ID3;SERPINA3;TIMP3	9	PLA2G2A;SAA1;MGP;ANGPTL7;MYOC;APOD;ID3;SERPINA3;TIMP3	False	False	{"strict": {"kb_classes": [], "mapping": [], "name_matches_kb": false, "differs_from_truth": false, "direct_evidence_contradicts": true, "violation": false}, "any": {"kb_classes": [], "mapping": [], "name_matches_kb": false, "differs_from_truth": false, "direct_evidence_contradicts": true, "violation": false}}
Q6::27	冻结簇	1659	Fibroblasts	0.9958	1659	undetermined	C	coarse:Immune Cells	C	undetermined	C	None	tie	1	False	0		CXCL8;CHI3L1;IER3;CXCL2;;PLA2G2A;HSPA1A;CXCL1;MEG3;CXCL3	7	CXCL8;IER3;CXCL2;;PLA2G2A;HSPA1A;CXCL1	False	False	{"strict": {"kb_classes": [], "mapping": [], "name_matches_kb": false, "differs_from_truth": false, "direct_evidence_contradicts": true, "violation": false}, "any": {"kb_classes": [], "mapping": [], "name_matches_kb": false, "differs_from_truth": false, "direct_evidence_contradicts": true, "violation": false}}
Q6::3	变化簇	1552	Epithelium	0.9994	1552	Epithelium	B	Epithelium	B	Epithelium	C	Epithelium	named	3	True	2	Conj_epithelium_suprabasal	S100A9;S100A8;SLPI;APOBEC3A;KRT6A;KRT17;KRT13;S100A2;SERPINB1;S100A11	10	S100A9;S100A8;SLPI;APOBEC3A;KRT6A;KRT17;KRT13;S100A2;SERPINB1;S100A11	False	False	{"strict": {"kb_classes": ["Epithelium"], "mapping": ["Conj_epithelium_suprabasal->Epithelium(alias)"], "name_matches_kb": true, "differs_from_truth": false, "direct_evidence_contradicts": true, "violation": false}, "any": {"kb_classes": ["Epithelium"], "mapping": ["Conj_epithelium_suprabasal->Epithelium(alias)", "Conj_epithelium_basal->Epithelium(alias)"], "name_matches_kb": true, "differs_from_truth": false, "direct_evidence_contradicts": true, "violation": false}}
Q6::22	变化簇	1521	Fibroblasts	1.0	1521	Fibroblasts	B	coarse:Fibroblasts	C	Fibroblast	B	Fibroblasts	named	3	True	3	Fibroblast	KERA;APOD;ANGPTL7;VIM;THBS4;CST3;ITGBL1;COL1A2;RARRES1;COL5A2	10	KERA;APOD;ANGPTL7;VIM;THBS4;CST3;ITGBL1;COL1A2;RARRES1;COL5A2	False	False	{"strict": {"kb_classes": ["Fibroblasts"], "mapping": ["Fibroblast->Fibroblasts(alias)"], "name_matches_kb": true, "differs_from_truth": false, "direct_evidence_contradicts": true, "violation": false}, "any": {"kb_classes": ["Fibroblasts", "Smooth Muscle Cells"], "mapping": ["Fibroblast->Fibroblasts(alias)", "Myofibroblast->Fibroblasts|Smooth Muscle Cells(ambiguous)", "Keratocytes->Fibroblasts(alias)"], "name_matches_kb": true, "differs_from_truth": false, "direct_evidence_contradicts": true, "violation": false}}
Q6::33	变化簇	1339	Fibroblasts	1.0	1339	Fibroblasts	B	Fibroblasts	B	Fibroblast	B	Fibroblasts	named	3	True	3	Fibroblast	COL1A1;COL1A2;SPARC;PCOLCE;COL14A1;OGN;HSPA1A;BGN;COL5A1;KERA	4	COL1A1;COL1A2;HSPA1A;KERA	False	False	{"strict": {"kb_classes": ["Fibroblasts"], "mapping": ["Fibroblast->Fibroblasts(alias)"], "name_matches_kb": true, "differs_from_truth": false, "direct_evidence_contradicts": true, "violation": false}, "any": {"kb_classes": ["Fibroblasts", "Smooth Muscle Cells"], "mapping": ["Fibroblast->Fibroblasts(alias)", "Myofibroblast->Fibroblasts|Smooth Muscle Cells(ambiguous)", "Keratocytes->Fibroblasts(alias)"], "name_matches_kb": true, "differs_from_truth": false, "direct_evidence_contradicts": true, "violation": false}}
Q6::16	变化簇	1293	Fibroblasts	1.0	1293	undetermined	C	undetermined	C	undetermined	C	None	abstain3	0	False	0		NMB;APOD;MMP3;CTSK;VIM;CYP1B1;PLIN2;CHI3L2;BASP1;CRYAB	3	APOD;MMP3;VIM	False	False	{"strict": {"kb_classes": [], "mapping": [], "name_matches_kb": false, "differs_from_truth": false, "direct_evidence_contradicts": true, "violation": false}, "any": {"kb_classes": [], "mapping": [], "name_matches_kb": false, "differs_from_truth": false, "direct_evidence_contradicts": true, "violation": false}}
Q6::25	变化簇	1285	Melanocytes	0.9541	1285	Melanocytes	B	Melanocytes	B	Melanocytes	B	Melanocytes	named	3	True	1	Melanocyte	TYRP1;PMEL;DCT;APOE;MLANA;TRPM1;VIM;FMN1;EDNRB;MITF	10	TYRP1;PMEL;DCT;APOE;MLANA;TRPM1;VIM;FMN1;EDNRB;MITF	False	False	{"strict": {"kb_classes": ["Melanocytes"], "mapping": ["Melanocyte->Melanocytes(alias)"], "name_matches_kb": true, "differs_from_truth": false, "direct_evidence_contradicts": true, "violation": false}, "any": {"kb_classes": ["Melanocytes"], "mapping": ["Melanocyte->Melanocytes(alias)"], "name_matches_kb": true, "differs_from_truth": false, "direct_evidence_contradicts": true, "violation": false}}
Q6::28	变化簇	1283	Fibroblasts	1.0	1283	Fibroblasts	B	Keratocytes	B	Keratocytes	B	Keratocytes	named	3	False	2	Keratocytes	APOD;KERA;ALDH3A1;ANGPTL7;HSPA6;CST3;NNMT;RARRES1;ITGBL1;HSPA1A	8	APOD;KERA;ANGPTL7;CST3;NNMT;RARRES1;ITGBL1;HSPA1A	False	False	{"strict": {"kb_classes": ["Fibroblasts"], "mapping": ["Keratocytes->Fibroblasts(alias)"], "name_matches_kb": false, "differs_from_truth": true, "direct_evidence_contradicts": true, "violation": false}, "any": {"kb_classes": ["Fibroblasts"], "mapping": ["Keratocytes->Fibroblasts(alias)", "face_v6::Keratocytes->Fibroblasts(alias)"], "name_matches_kb": false, "differs_from_truth": true, "direct_evidence_contradicts": true, "violation": false}}
Q6::31	变化簇	1203	Fibroblasts	1.0	1203	Fibroblasts	B	coarse:Fibroblasts	C	undetermined	C	Fibroblasts	named	2	True	0		PLA2G2A;ANGPTL7;IGFBP5;MGP;SERPINA3;MYOC;;FBLN1;MEG8;CHI3L1	7	PLA2G2A;ANGPTL7;IGFBP5;MGP;SERPINA3;MYOC;FBLN1	False	False	{"strict": {"kb_classes": [], "mapping": [], "name_matches_kb": false, "differs_from_truth": false, "direct_evidence_contradicts": true, "violation": false}, "any": {"kb_classes": [], "mapping": [], "name_matches_kb": false, "differs_from_truth": false, "direct_evidence_contradicts": true, "violation": false}}
Q6::17	变化簇	982	Schwann Cells	0.9868	982	Schwann Cells	B	Schwann Cells	B	Schwann Cells	B	Schwann Cells	named	3	True	1	Schwann	CDH19;NRXN1;GPM6B;CRYAB;SCN7A;VIM;CADM2;ADGRB3;SORCS1;STARD13	10	CDH19;NRXN1;GPM6B;CRYAB;SCN7A;VIM;CADM2;ADGRB3;SORCS1;STARD13	False	False	{"strict": {"kb_classes": ["Schwann Cells"], "mapping": ["Schwann->Schwann Cells(alias)"], "name_matches_kb": true, "differs_from_truth": false, "direct_evidence_contradicts": true, "violation": false}, "any": {"kb_classes": ["Schwann Cells"], "mapping": ["Schwann->Schwann Cells(alias)"], "name_matches_kb": true, "differs_from_truth": false, "direct_evidence_contradicts": true, "violation": false}}
Q6::8	冻结簇	972	Immune Cells	0.8416	972	Immune Cells	B	Immune Cells	C	Immune Cells	C	Immune Cells	named	3	True	1	T	PTPRC;SRGN;SAMSN1;FYN;SYTL3;IL7R;CXCR4;CBLB;PARP8;CLEC2D	8	PTPRC;SRGN;SAMSN1;FYN;SYTL3;IL7R;CXCR4;CLEC2D	False	False	{"strict": {"kb_classes": ["Immune Cells"], "mapping": ["T->Immune Cells(alias)"], "name_matches_kb": true, "differs_from_truth": false, "direct_evidence_contradicts": true, "violation": false}, "any": {"kb_classes": ["Immune Cells"], "mapping": ["T->Immune Cells(alias)"], "name_matches_kb": true, "differs_from_truth": false, "direct_evidence_contradicts": true, "violation": false}}
Q6::26	变化簇	885	Immune Cells	0.9921	885	Immune Cells	B	Immune Cells	C	Immune Cells	C	Immune Cells	named	3	True	2	Mac_DAM_LAM	CXCL8;CCL3;HLA-DRA;SRGN;IL1B;CD74;CCL4;;CCL3L1;HLA-DRB1	10	CXCL8;CCL3;HLA-DRA;SRGN;IL1B;CD74;CCL4;;CCL3L1;HLA-DRB1	False	False	{"strict": {"kb_classes": ["Immune Cells"], "mapping": ["Mac_DAM_LAM->Immune Cells(alias)"], "name_matches_kb": true, "differs_from_truth": false, "direct_evidence_contradicts": true, "violation": false}, "any": {"kb_classes": ["Immune Cells"], "mapping": ["Mac_DAM_LAM->Immune Cells(alias)", "Mono_Nonclassical->Immune Cells(alias)"], "name_matches_kb": true, "differs_from_truth": false, "direct_evidence_contradicts": true, "violation": false}}
Q6::29	变化簇	785	Epithelium	1.0	785	Epithelium	B	Epithelium	B	Epithelium	B	Epithelium	named	3	True	1	Conj_epithelium_basal	APOBEC3A;CLDN4;KRT13;KRT12;UPK3BL1;ADIRF;H19;FABP5;KRT3;FGFBP1	10	APOBEC3A;CLDN4;KRT13;KRT12;UPK3BL1;ADIRF;H19;FABP5;KRT3;FGFBP1	False	False	{"strict": {"kb_classes": ["Epithelium"], "mapping": ["Conj_epithelium_basal->Epithelium(alias)"], "name_matches_kb": true, "differs_from_truth": false, "direct_evidence_contradicts": true, "violation": false}, "any": {"kb_classes": ["Epithelium"], "mapping": ["Conj_epithelium_basal->Epithelium(alias)"], "name_matches_kb": true, "differs_from_truth": false, "direct_evidence_contradicts": true, "violation": false}}
Q6::7	变化簇	601	Endothelium	0.975	601	Endothelium	B	Endothelium	B	Endothelium	B	Endothelium	named	3	True	1	Endo	CCL21;MMRN1;TFPI;CLDN5;VIM;ANGPT2;GNG11;;AKAP12;TFF3	4	TFPI;CLDN5;VIM;GNG11	False	False	{"strict": {"kb_classes": [], "mapping": [], "name_matches_kb": false, "differs_from_truth": false, "direct_evidence_contradicts": true, "violation": false}, "any": {"kb_classes": [], "mapping": [], "name_matches_kb": false, "differs_from_truth": false, "direct_evidence_contradicts": true, "violation": false}}
Q6::32	变化簇	471	Smooth Muscle Cells	0.9936	471	Smooth Muscle Cells	B	Smooth Muscle Cells	B	Smooth Muscle Cells	B	Smooth Muscle Cells	named	3	True	0		PCP4;TPM1;TAGLN;MYL9;MYH11;ACTA2;TPM2;PLCB4;CKB;MYLK	10	PCP4;TPM1;TAGLN;MYL9;MYH11;ACTA2;TPM2;PLCB4;CKB;MYLK	False	False	{"strict": {"kb_classes": [], "mapping": [], "name_matches_kb": false, "differs_from_truth": false, "direct_evidence_contradicts": true, "violation": false}, "any": {"kb_classes": [], "mapping": [], "name_matches_kb": false, "differs_from_truth": false, "direct_evidence_contradicts": true, "violation": false}}
Q6::30	变化簇	126	Epithelium	1.0	126	Epithelium	B	Epithelium	C	Epithelium	C	Epithelium	named	3	True	2	Conj_epithelium_basal	S100A9;SLPI;LCN2;S100A8;PSCA;KRT19;C15orf48;KRT7;KRT15;SAA2	6	S100A9;SLPI;LCN2;S100A8;KRT19;KRT15	False	False	{"strict": {"kb_classes": ["Epithelium"], "mapping": ["Conj_epithelium_basal->Epithelium(alias)"], "name_matches_kb": true, "differs_from_truth": false, "direct_evidence_contradicts": true, "violation": false}, "any": {"kb_classes": ["Epithelium"], "mapping": ["Conj_epithelium_basal->Epithelium(alias)", "Conj_epithelium_suprabasal->Epithelium(alias)"], "name_matches_kb": true, "differs_from_truth": false, "direct_evidence_contradicts": true, "violation": false}}
