panel	dataset	cls	draw	top5_shift	top10_shift	kendall_tau
retina	Q3_137537(counts层,n_genes)	Rod	0	2	1	0.7381
retina	Q3_137537(counts层,n_genes)	Rod	1	1	1	0.7398
retina	Q3_137537(counts层,n_genes)	Rod	2	1	1	0.7279
retina	Q3_137537(counts层,n_genes)	Rod	3	1	1	0.7242
retina	Q3_137537(counts层,n_genes)	Rod	4	1	1	0.7309
retina	Q3_137537(counts层,n_genes)	Rod	5	1	1	0.7298
retina	Q3_137537(counts层,n_genes)	Rod	6	1	1	0.7288
retina	Q3_137537(counts层,n_genes)	Rod	7	1	1	0.7298
retina	Q3_137537(counts层,n_genes)	Rod	8	1	1	0.7382
retina	Q3_137537(counts层,n_genes)	Rod	9	1	1	0.7391
retina	Q3_137537(counts层,n_genes)	Rod	10	1	1	0.7348
retina	Q3_137537(counts层,n_genes)	Rod	11	1	1	0.741
retina	Q3_137537(counts层,n_genes)	Rod	12	1	1	0.7345
retina	Q3_137537(counts层,n_genes)	Rod	13	1	1	0.724
retina	Q3_137537(counts层,n_genes)	Rod	14	1	1	0.729
retina	Q3_137537(counts层,n_genes)	Rod	15	1	1	0.7379
retina	Q3_137537(counts层,n_genes)	Rod	16	1	2	0.7419
retina	Q3_137537(counts层,n_genes)	Rod	17	1	1	0.7402
retina	Q3_137537(counts层,n_genes)	Rod	18	1	1	0.7428
retina	Q3_137537(counts层,n_genes)	Rod	19	1	1	0.7385
retina	Q3_137537(counts层,n_genes)	Rod	20	1	1	0.7191
retina	Q3_137537(counts层,n_genes)	Rod	21	1	1	0.7258
retina	Q3_137537(counts层,n_genes)	Rod	22	1	1	0.7393
retina	Q3_137537(counts层,n_genes)	Rod	23	1	1	0.735
retina	Q3_137537(counts层,n_genes)	Rod	24	1	1	0.7327
retina	Q3_137537(counts层,n_genes)	Rod	25	1	1	0.726
retina	Q3_137537(counts层,n_genes)	Rod	26	1	1	0.7287
retina	Q3_137537(counts层,n_genes)	Rod	27	1	1	0.7344
retina	Q3_137537(counts层,n_genes)	Rod	28	2	1	0.7328
retina	Q3_137537(counts层,n_genes)	Rod	29	1	1	0.7363
retina	Q3_137537(counts层,n_genes)	Rod	30	1	1	0.7314
retina	Q3_137537(counts层,n_genes)	Rod	31	2	2	0.7347
retina	Q3_137537(counts层,n_genes)	Rod	32	1	1	0.7254
retina	Q3_137537(counts层,n_genes)	Rod	33	1	2	0.7247
retina	Q3_137537(counts层,n_genes)	Rod	34	1	1	0.7254
retina	Q3_137537(counts层,n_genes)	Rod	35	1	1	0.7309
retina	Q3_137537(counts层,n_genes)	Rod	36	1	1	0.7364
retina	Q3_137537(counts层,n_genes)	Rod	37	1	1	0.7313
retina	Q3_137537(counts层,n_genes)	Rod	38	1	2	0.7321
retina	Q3_137537(counts层,n_genes)	Rod	39	1	1	0.7376
retina	Q3_137537(counts层,n_genes)	Rod	40	2	1	0.7388
retina	Q3_137537(counts层,n_genes)	Rod	41	2	2	0.7304
retina	Q3_137537(counts层,n_genes)	Rod	42	1	1	0.7432
retina	Q3_137537(counts层,n_genes)	Rod	43	1	1	0.7203
retina	Q3_137537(counts层,n_genes)	Rod	44	1	1	0.7264
retina	Q3_137537(counts层,n_genes)	Rod	45	1	1	0.7219
retina	Q3_137537(counts层,n_genes)	Rod	46	1	1	0.7325
retina	Q3_137537(counts层,n_genes)	Rod	47	2	1	0.7355
retina	Q3_137537(counts层,n_genes)	Rod	48	1	1	0.7334
retina	Q3_137537(counts层,n_genes)	Rod	49	1	1	0.734
retina	Q3_137537(counts层,n_genes)	BC	0	1	1	0.7925
retina	Q3_137537(counts层,n_genes)	BC	1	1	1	0.787
retina	Q3_137537(counts层,n_genes)	BC	2	1	1	0.792
retina	Q3_137537(counts层,n_genes)	BC	3	1	1	0.7922
retina	Q3_137537(counts层,n_genes)	BC	4	1	1	0.7843
retina	Q3_137537(counts层,n_genes)	BC	5	1	2	0.7915
retina	Q3_137537(counts层,n_genes)	BC	6	1	1	0.7909
retina	Q3_137537(counts层,n_genes)	BC	7	1	2	0.7928
retina	Q3_137537(counts层,n_genes)	BC	8	1	2	0.7872
retina	Q3_137537(counts层,n_genes)	BC	9	1	1	0.7914
retina	Q3_137537(counts层,n_genes)	BC	10	1	2	0.7887
retina	Q3_137537(counts层,n_genes)	BC	11	1	1	0.7934
retina	Q3_137537(counts层,n_genes)	BC	12	1	1	0.7894
retina	Q3_137537(counts层,n_genes)	BC	13	1	1	0.7943
retina	Q3_137537(counts层,n_genes)	BC	14	1	2	0.7884
retina	Q3_137537(counts层,n_genes)	BC	15	1	1	0.7914
retina	Q3_137537(counts层,n_genes)	BC	16	1	1	0.7853
retina	Q3_137537(counts层,n_genes)	BC	17	1	2	0.7831
retina	Q3_137537(counts层,n_genes)	BC	18	1	1	0.7877
retina	Q3_137537(counts层,n_genes)	BC	19	1	2	0.7947
retina	Q3_137537(counts层,n_genes)	BC	20	1	1	0.7921
retina	Q3_137537(counts层,n_genes)	BC	21	1	2	0.7933
retina	Q3_137537(counts层,n_genes)	BC	22	1	2	0.7901
retina	Q3_137537(counts层,n_genes)	BC	23	1	2	0.7922
retina	Q3_137537(counts层,n_genes)	BC	24	1	2	0.7939
retina	Q3_137537(counts层,n_genes)	BC	25	1	1	0.7902
retina	Q3_137537(counts层,n_genes)	BC	26	1	1	0.7938
retina	Q3_137537(counts层,n_genes)	BC	27	1	2	0.7876
retina	Q3_137537(counts层,n_genes)	BC	28	1	1	0.7916
retina	Q3_137537(counts层,n_genes)	BC	29	1	2	0.7951
retina	Q3_137537(counts层,n_genes)	BC	30	1	1	0.7889
retina	Q3_137537(counts层,n_genes)	BC	31	1	2	0.7933
retina	Q3_137537(counts层,n_genes)	BC	32	1	1	0.7884
retina	Q3_137537(counts层,n_genes)	BC	33	1	2	0.7913
retina	Q3_137537(counts层,n_genes)	BC	34	1	1	0.7947
retina	Q3_137537(counts层,n_genes)	BC	35	1	2	0.793
retina	Q3_137537(counts层,n_genes)	BC	36	1	2	0.7907
retina	Q3_137537(counts层,n_genes)	BC	37	1	1	0.789
retina	Q3_137537(counts层,n_genes)	BC	38	1	1	0.7888
retina	Q3_137537(counts层,n_genes)	BC	39	1	1	0.7889
retina	Q3_137537(counts层,n_genes)	BC	40	1	1	0.7891
retina	Q3_137537(counts层,n_genes)	BC	41	1	2	0.7864
retina	Q3_137537(counts层,n_genes)	BC	42	1	1	0.7958
retina	Q3_137537(counts层,n_genes)	BC	43	1	1	0.7934
retina	Q3_137537(counts层,n_genes)	BC	44	1	2	0.7891
retina	Q3_137537(counts层,n_genes)	BC	45	1	1	0.7892
retina	Q3_137537(counts层,n_genes)	BC	46	1	2	0.7937
retina	Q3_137537(counts层,n_genes)	BC	47	1	1	0.7951
retina	Q3_137537(counts层,n_genes)	BC	48	1	1	0.7862
retina	Q3_137537(counts层,n_genes)	BC	49	1	1	0.7946
retina	Q3_137537(counts层,n_genes)	AC	0	1	2	0.6017
retina	Q3_137537(counts层,n_genes)	AC	1	1	1	0.5749
retina	Q3_137537(counts层,n_genes)	AC	2	1	1	0.5897
retina	Q3_137537(counts层,n_genes)	AC	3	0	0	0.5671
retina	Q3_137537(counts层,n_genes)	AC	4	0	0	0.5659
retina	Q3_137537(counts层,n_genes)	AC	5	1	0	0.5763
retina	Q3_137537(counts层,n_genes)	AC	6	1	1	0.5758
retina	Q3_137537(counts层,n_genes)	AC	7	1	0	0.5575
retina	Q3_137537(counts层,n_genes)	AC	8	2	0	0.5867
retina	Q3_137537(counts层,n_genes)	AC	9	0	1	0.5908
retina	Q3_137537(counts层,n_genes)	AC	10	0	1	0.5806
retina	Q3_137537(counts层,n_genes)	AC	11	0	1	0.5529
retina	Q3_137537(counts层,n_genes)	AC	12	0	0	0.6036
retina	Q3_137537(counts层,n_genes)	AC	13	0	2	0.5765
retina	Q3_137537(counts层,n_genes)	AC	14	0	1	0.5766
retina	Q3_137537(counts层,n_genes)	AC	15	0	1	0.5908
retina	Q3_137537(counts层,n_genes)	AC	16	0	1	0.555
retina	Q3_137537(counts层,n_genes)	AC	17	1	2	0.5819
retina	Q3_137537(counts层,n_genes)	AC	18	0	3	0.5685
retina	Q3_137537(counts层,n_genes)	AC	19	0	0	0.565
retina	Q3_137537(counts层,n_genes)	AC	20	0	1	0.5946
retina	Q3_137537(counts层,n_genes)	AC	21	0	0	0.5879
retina	Q3_137537(counts层,n_genes)	AC	22	0	1	0.5836
retina	Q3_137537(counts层,n_genes)	AC	23	1	2	0.5722
retina	Q3_137537(counts层,n_genes)	AC	24	0	2	0.583
retina	Q3_137537(counts层,n_genes)	AC	25	0	1	0.5919
retina	Q3_137537(counts层,n_genes)	AC	26	0	1	0.5737
retina	Q3_137537(counts层,n_genes)	AC	27	0	0	0.5651
retina	Q3_137537(counts层,n_genes)	AC	28	2	1	0.5748
retina	Q3_137537(counts层,n_genes)	AC	29	0	1	0.59
retina	Q3_137537(counts层,n_genes)	AC	30	1	2	0.5731
retina	Q3_137537(counts层,n_genes)	AC	31	0	0	0.5669
retina	Q3_137537(counts层,n_genes)	AC	32	1	1	0.59
retina	Q3_137537(counts层,n_genes)	AC	33	0	1	0.5887
retina	Q3_137537(counts层,n_genes)	AC	34	1	1	0.5803
retina	Q3_137537(counts层,n_genes)	AC	35	0	1	0.576
retina	Q3_137537(counts层,n_genes)	AC	36	0	1	0.5905
retina	Q3_137537(counts层,n_genes)	AC	37	0	1	0.5844
retina	Q3_137537(counts层,n_genes)	AC	38	1	2	0.5812
retina	Q3_137537(counts层,n_genes)	AC	39	0	1	0.583
retina	Q3_137537(counts层,n_genes)	AC	40	0	1	0.5444
retina	Q3_137537(counts层,n_genes)	AC	41	1	1	0.5842
retina	Q3_137537(counts层,n_genes)	AC	42	1	1	0.5679
retina	Q3_137537(counts层,n_genes)	AC	43	0	1	0.5929
retina	Q3_137537(counts层,n_genes)	AC	44	1	1	0.5857
retina	Q3_137537(counts层,n_genes)	AC	45	0	0	0.5869
retina	Q3_137537(counts层,n_genes)	AC	46	1	1	0.5734
retina	Q3_137537(counts层,n_genes)	AC	47	0	1	0.579
retina	Q3_137537(counts层,n_genes)	AC	48	0	1	0.5616
retina	Q3_137537(counts层,n_genes)	AC	49	0	1	0.5685
retina	Q3_137537(counts层,n_genes)	MG	0	0	0	0.8537
retina	Q3_137537(counts层,n_genes)	MG	1	0	0	0.8559
retina	Q3_137537(counts层,n_genes)	MG	2	0	0	0.8596
retina	Q3_137537(counts层,n_genes)	MG	3	0	0	0.8615
retina	Q3_137537(counts层,n_genes)	MG	4	0	0	0.8588
retina	Q3_137537(counts层,n_genes)	MG	5	0	0	0.8566
retina	Q3_137537(counts层,n_genes)	MG	6	0	0	0.8571
retina	Q3_137537(counts层,n_genes)	MG	7	0	0	0.859
retina	Q3_137537(counts层,n_genes)	MG	8	0	0	0.8587
retina	Q3_137537(counts层,n_genes)	MG	9	0	0	0.8544
retina	Q3_137537(counts层,n_genes)	MG	10	0	0	0.8569
retina	Q3_137537(counts层,n_genes)	MG	11	0	0	0.8581
retina	Q3_137537(counts层,n_genes)	MG	12	0	0	0.8589
retina	Q3_137537(counts层,n_genes)	MG	13	0	0	0.8573
retina	Q3_137537(counts层,n_genes)	MG	14	0	0	0.8575
retina	Q3_137537(counts层,n_genes)	MG	15	0	0	0.857
retina	Q3_137537(counts层,n_genes)	MG	16	0	0	0.863
retina	Q3_137537(counts层,n_genes)	MG	17	0	0	0.8584
retina	Q3_137537(counts层,n_genes)	MG	18	0	0	0.8521
retina	Q3_137537(counts层,n_genes)	MG	19	0	0	0.8522
retina	Q3_137537(counts层,n_genes)	MG	20	0	0	0.8556
retina	Q3_137537(counts层,n_genes)	MG	21	0	0	0.8574
retina	Q3_137537(counts层,n_genes)	MG	22	0	0	0.8586
retina	Q3_137537(counts层,n_genes)	MG	23	0	0	0.8592
retina	Q3_137537(counts层,n_genes)	MG	24	0	0	0.8592
retina	Q3_137537(counts层,n_genes)	MG	25	0	0	0.8585
retina	Q3_137537(counts层,n_genes)	MG	26	0	0	0.8601
retina	Q3_137537(counts层,n_genes)	MG	27	0	0	0.8549
retina	Q3_137537(counts层,n_genes)	MG	28	0	0	0.8597
retina	Q3_137537(counts层,n_genes)	MG	29	0	0	0.8583
retina	Q3_137537(counts层,n_genes)	MG	30	0	0	0.8565
retina	Q3_137537(counts层,n_genes)	MG	31	0	0	0.8561
retina	Q3_137537(counts层,n_genes)	MG	32	0	0	0.8595
retina	Q3_137537(counts层,n_genes)	MG	33	0	0	0.8545
retina	Q3_137537(counts层,n_genes)	MG	34	0	0	0.8562
retina	Q3_137537(counts层,n_genes)	MG	35	0	0	0.8558
retina	Q3_137537(counts层,n_genes)	MG	36	0	0	0.8588
retina	Q3_137537(counts层,n_genes)	MG	37	0	0	0.8578
retina	Q3_137537(counts层,n_genes)	MG	38	0	0	0.8589
retina	Q3_137537(counts层,n_genes)	MG	39	0	0	0.8595
retina	Q3_137537(counts层,n_genes)	MG	40	0	0	0.8613
retina	Q3_137537(counts层,n_genes)	MG	41	0	0	0.8545
retina	Q3_137537(counts层,n_genes)	MG	42	0	0	0.8545
retina	Q3_137537(counts层,n_genes)	MG	43	0	0	0.8563
retina	Q3_137537(counts层,n_genes)	MG	44	0	0	0.854
retina	Q3_137537(counts层,n_genes)	MG	45	0	0	0.858
retina	Q3_137537(counts层,n_genes)	MG	46	0	0	0.8561
retina	Q3_137537(counts层,n_genes)	MG	47	0	0	0.8591
retina	Q3_137537(counts层,n_genes)	MG	48	0	0	0.8559
retina	Q3_137537(counts层,n_genes)	MG	49	0	0	0.8574
retina	Q3_137537(total_counts轴)	Rod	0	1	1	0.7441
retina	Q3_137537(total_counts轴)	Rod	1	1	1	0.7493
retina	Q3_137537(total_counts轴)	Rod	2	1	1	0.7374
retina	Q3_137537(total_counts轴)	Rod	3	1	1	0.7606
retina	Q3_137537(total_counts轴)	Rod	4	1	1	0.7399
retina	Q3_137537(total_counts轴)	Rod	5	1	1	0.7418
retina	Q3_137537(total_counts轴)	Rod	6	1	1	0.7612
retina	Q3_137537(total_counts轴)	Rod	7	1	1	0.7403
retina	Q3_137537(total_counts轴)	Rod	8	1	1	0.7499
retina	Q3_137537(total_counts轴)	Rod	9	1	1	0.7457
retina	Q3_137537(total_counts轴)	Rod	10	1	1	0.7416
retina	Q3_137537(total_counts轴)	Rod	11	1	1	0.7479
retina	Q3_137537(total_counts轴)	Rod	12	1	1	0.7483
retina	Q3_137537(total_counts轴)	Rod	13	1	1	0.7505
retina	Q3_137537(total_counts轴)	Rod	14	1	1	0.7557
retina	Q3_137537(total_counts轴)	Rod	15	1	1	0.7479
retina	Q3_137537(total_counts轴)	Rod	16	2	1	0.749
retina	Q3_137537(total_counts轴)	Rod	17	1	2	0.7426
retina	Q3_137537(total_counts轴)	Rod	18	1	1	0.7426
retina	Q3_137537(total_counts轴)	Rod	19	1	1	0.7531
retina	Q3_137537(total_counts轴)	Rod	20	1	1	0.7391
retina	Q3_137537(total_counts轴)	Rod	21	1	1	0.7452
retina	Q3_137537(total_counts轴)	Rod	22	1	1	0.7423
retina	Q3_137537(total_counts轴)	Rod	23	1	1	0.7495
retina	Q3_137537(total_counts轴)	Rod	24	1	1	0.7523
retina	Q3_137537(total_counts轴)	Rod	25	1	1	0.7531
retina	Q3_137537(total_counts轴)	Rod	26	1	1	0.7485
retina	Q3_137537(total_counts轴)	Rod	27	1	1	0.753
retina	Q3_137537(total_counts轴)	Rod	28	1	1	0.754
retina	Q3_137537(total_counts轴)	Rod	29	1	1	0.7465
retina	Q3_137537(total_counts轴)	Rod	30	0	1	0.7463
retina	Q3_137537(total_counts轴)	Rod	31	1	1	0.7529
retina	Q3_137537(total_counts轴)	Rod	32	1	1	0.7409
retina	Q3_137537(total_counts轴)	Rod	33	1	1	0.751
retina	Q3_137537(total_counts轴)	Rod	34	1	1	0.748
retina	Q3_137537(total_counts轴)	Rod	35	1	1	0.7431
retina	Q3_137537(total_counts轴)	Rod	36	1	1	0.7479
retina	Q3_137537(total_counts轴)	Rod	37	1	1	0.747
retina	Q3_137537(total_counts轴)	Rod	38	1	1	0.7467
retina	Q3_137537(total_counts轴)	Rod	39	1	1	0.7414
retina	Q3_137537(total_counts轴)	Rod	40	1	1	0.7556
retina	Q3_137537(total_counts轴)	Rod	41	1	1	0.748
retina	Q3_137537(total_counts轴)	Rod	42	1	1	0.7514
retina	Q3_137537(total_counts轴)	Rod	43	1	1	0.7431
retina	Q3_137537(total_counts轴)	Rod	44	1	1	0.7592
retina	Q3_137537(total_counts轴)	Rod	45	1	2	0.7393
retina	Q3_137537(total_counts轴)	Rod	46	1	1	0.7481
retina	Q3_137537(total_counts轴)	Rod	47	1	1	0.7524
retina	Q3_137537(total_counts轴)	Rod	48	1	1	0.747
retina	Q3_137537(total_counts轴)	Rod	49	1	1	0.7556
retina	Q3_137537(total_counts轴)	BC	0	1	1	0.8181
retina	Q3_137537(total_counts轴)	BC	1	1	1	0.8256
retina	Q3_137537(total_counts轴)	BC	2	1	1	0.8219
retina	Q3_137537(total_counts轴)	BC	3	1	2	0.8209
retina	Q3_137537(total_counts轴)	BC	4	1	1	0.8192
retina	Q3_137537(total_counts轴)	BC	5	0	2	0.8157
retina	Q3_137537(total_counts轴)	BC	6	0	2	0.8178
retina	Q3_137537(total_counts轴)	BC	7	0	1	0.8155
retina	Q3_137537(total_counts轴)	BC	8	1	2	0.8149
retina	Q3_137537(total_counts轴)	BC	9	1	1	0.82
retina	Q3_137537(total_counts轴)	BC	10	0	2	0.8107
retina	Q3_137537(total_counts轴)	BC	11	0	1	0.822
retina	Q3_137537(total_counts轴)	BC	12	1	2	0.8215
retina	Q3_137537(total_counts轴)	BC	13	1	2	0.8247
retina	Q3_137537(total_counts轴)	BC	14	0	1	0.824
retina	Q3_137537(total_counts轴)	BC	15	1	1	0.8236
retina	Q3_137537(total_counts轴)	BC	16	1	1	0.8164
retina	Q3_137537(total_counts轴)	BC	17	0	2	0.817
retina	Q3_137537(total_counts轴)	BC	18	1	1	0.8149
retina	Q3_137537(total_counts轴)	BC	19	1	2	0.822
retina	Q3_137537(total_counts轴)	BC	20	1	1	0.8171
retina	Q3_137537(total_counts轴)	BC	21	1	1	0.818
retina	Q3_137537(total_counts轴)	BC	22	1	1	0.8146
retina	Q3_137537(total_counts轴)	BC	23	0	1	0.8239
retina	Q3_137537(total_counts轴)	BC	24	1	2	0.8208
retina	Q3_137537(total_counts轴)	BC	25	1	1	0.8164
retina	Q3_137537(total_counts轴)	BC	26	1	2	0.8218
retina	Q3_137537(total_counts轴)	BC	27	1	1	0.8233
retina	Q3_137537(total_counts轴)	BC	28	1	2	0.8227
retina	Q3_137537(total_counts轴)	BC	29	1	1	0.8201
retina	Q3_137537(total_counts轴)	BC	30	0	2	0.8211
retina	Q3_137537(total_counts轴)	BC	31	1	1	0.8224
retina	Q3_137537(total_counts轴)	BC	32	1	2	0.8293
retina	Q3_137537(total_counts轴)	BC	33	1	1	0.8168
retina	Q3_137537(total_counts轴)	BC	34	1	2	0.8273
retina	Q3_137537(total_counts轴)	BC	35	0	2	0.819
retina	Q3_137537(total_counts轴)	BC	36	0	1	0.8171
retina	Q3_137537(total_counts轴)	BC	37	0	2	0.8139
retina	Q3_137537(total_counts轴)	BC	38	1	1	0.8239
retina	Q3_137537(total_counts轴)	BC	39	0	1	0.8199
retina	Q3_137537(total_counts轴)	BC	40	1	2	0.8218
retina	Q3_137537(total_counts轴)	BC	41	1	2	0.8177
retina	Q3_137537(total_counts轴)	BC	42	1	1	0.82
retina	Q3_137537(total_counts轴)	BC	43	0	1	0.8311
retina	Q3_137537(total_counts轴)	BC	44	1	1	0.8154
retina	Q3_137537(total_counts轴)	BC	45	1	2	0.8163
retina	Q3_137537(total_counts轴)	BC	46	0	1	0.8223
retina	Q3_137537(total_counts轴)	BC	47	1	2	0.8222
retina	Q3_137537(total_counts轴)	BC	48	1	1	0.8205
retina	Q3_137537(total_counts轴)	BC	49	1	1	0.8153
retina	Q3_137537(total_counts轴)	AC	0	0	1	0.5708
retina	Q3_137537(total_counts轴)	AC	1	0	1	0.5818
retina	Q3_137537(total_counts轴)	AC	2	2	2	0.5946
retina	Q3_137537(total_counts轴)	AC	3	0	0	0.5896
retina	Q3_137537(total_counts轴)	AC	4	0	0	0.6096
retina	Q3_137537(total_counts轴)	AC	5	1	0	0.5811
retina	Q3_137537(total_counts轴)	AC	6	0	1	0.5938
retina	Q3_137537(total_counts轴)	AC	7	1	1	0.5985
retina	Q3_137537(total_counts轴)	AC	8	0	1	0.5936
retina	Q3_137537(total_counts轴)	AC	9	0	0	0.5993
retina	Q3_137537(total_counts轴)	AC	10	0	1	0.5916
retina	Q3_137537(total_counts轴)	AC	11	1	1	0.61
retina	Q3_137537(total_counts轴)	AC	12	1	1	0.5822
retina	Q3_137537(total_counts轴)	AC	13	1	1	0.5897
retina	Q3_137537(total_counts轴)	AC	14	1	1	0.6027
retina	Q3_137537(total_counts轴)	AC	15	1	1	0.6024
retina	Q3_137537(total_counts轴)	AC	16	0	1	0.6007
retina	Q3_137537(total_counts轴)	AC	17	1	1	0.6017
retina	Q3_137537(total_counts轴)	AC	18	1	0	0.5955
retina	Q3_137537(total_counts轴)	AC	19	0	0	0.6119
retina	Q3_137537(total_counts轴)	AC	20	0	2	0.5941
retina	Q3_137537(total_counts轴)	AC	21	1	2	0.5877
retina	Q3_137537(total_counts轴)	AC	22	1	1	0.587
retina	Q3_137537(total_counts轴)	AC	23	1	1	0.5798
retina	Q3_137537(total_counts轴)	AC	24	0	1	0.6042
retina	Q3_137537(total_counts轴)	AC	25	1	1	0.5919
retina	Q3_137537(total_counts轴)	AC	26	0	0	0.5946
retina	Q3_137537(total_counts轴)	AC	27	1	1	0.5969
retina	Q3_137537(total_counts轴)	AC	28	1	1	0.6341
retina	Q3_137537(total_counts轴)	AC	29	0	1	0.5992
retina	Q3_137537(total_counts轴)	AC	30	1	2	0.5921
retina	Q3_137537(total_counts轴)	AC	31	1	1	0.5954
retina	Q3_137537(total_counts轴)	AC	32	0	1	0.6028
retina	Q3_137537(total_counts轴)	AC	33	1	1	0.579
retina	Q3_137537(total_counts轴)	AC	34	0	2	0.5874
retina	Q3_137537(total_counts轴)	AC	35	0	1	0.5945
retina	Q3_137537(total_counts轴)	AC	36	1	1	0.5936
retina	Q3_137537(total_counts轴)	AC	37	1	1	0.5758
retina	Q3_137537(total_counts轴)	AC	38	0	1	0.581
retina	Q3_137537(total_counts轴)	AC	39	1	2	0.5937
retina	Q3_137537(total_counts轴)	AC	40	1	0	0.5975
retina	Q3_137537(total_counts轴)	AC	41	0	1	0.5918
retina	Q3_137537(total_counts轴)	AC	42	0	0	0.5979
retina	Q3_137537(total_counts轴)	AC	43	0	1	0.571
retina	Q3_137537(total_counts轴)	AC	44	2	2	0.5877
retina	Q3_137537(total_counts轴)	AC	45	1	1	0.5905
retina	Q3_137537(total_counts轴)	AC	46	1	1	0.5891
retina	Q3_137537(total_counts轴)	AC	47	1	1	0.5835
retina	Q3_137537(total_counts轴)	AC	48	1	1	0.5784
retina	Q3_137537(total_counts轴)	AC	49	1	1	0.605
retina	Q3_137537(total_counts轴)	MG	0	0	0	0.8104
retina	Q3_137537(total_counts轴)	MG	1	0	0	0.8091
retina	Q3_137537(total_counts轴)	MG	2	0	0	0.8095
retina	Q3_137537(total_counts轴)	MG	3	0	0	0.8077
retina	Q3_137537(total_counts轴)	MG	4	0	0	0.811
retina	Q3_137537(total_counts轴)	MG	5	0	0	0.8143
retina	Q3_137537(total_counts轴)	MG	6	0	0	0.8095
retina	Q3_137537(total_counts轴)	MG	7	0	0	0.8065
retina	Q3_137537(total_counts轴)	MG	8	0	0	0.8103
retina	Q3_137537(total_counts轴)	MG	9	0	0	0.8121
retina	Q3_137537(total_counts轴)	MG	10	0	0	0.8077
retina	Q3_137537(total_counts轴)	MG	11	0	0	0.8078
retina	Q3_137537(total_counts轴)	MG	12	0	0	0.8074
retina	Q3_137537(total_counts轴)	MG	13	0	0	0.8087
retina	Q3_137537(total_counts轴)	MG	14	0	0	0.814
retina	Q3_137537(total_counts轴)	MG	15	0	0	0.8043
retina	Q3_137537(total_counts轴)	MG	16	0	0	0.8125
retina	Q3_137537(total_counts轴)	MG	17	0	0	0.8103
retina	Q3_137537(total_counts轴)	MG	18	0	0	0.811
retina	Q3_137537(total_counts轴)	MG	19	0	0	0.8022
retina	Q3_137537(total_counts轴)	MG	20	0	0	0.8061
retina	Q3_137537(total_counts轴)	MG	21	0	0	0.8086
retina	Q3_137537(total_counts轴)	MG	22	0	0	0.8154
retina	Q3_137537(total_counts轴)	MG	23	0	0	0.8103
retina	Q3_137537(total_counts轴)	MG	24	0	0	0.8149
retina	Q3_137537(total_counts轴)	MG	25	0	0	0.8064
retina	Q3_137537(total_counts轴)	MG	26	0	0	0.805
retina	Q3_137537(total_counts轴)	MG	27	0	0	0.8088
retina	Q3_137537(total_counts轴)	MG	28	0	0	0.8166
retina	Q3_137537(total_counts轴)	MG	29	0	0	0.8071
retina	Q3_137537(total_counts轴)	MG	30	0	0	0.8108
retina	Q3_137537(total_counts轴)	MG	31	0	0	0.8045
retina	Q3_137537(total_counts轴)	MG	32	0	0	0.8093
retina	Q3_137537(total_counts轴)	MG	33	0	0	0.811
retina	Q3_137537(total_counts轴)	MG	34	0	0	0.8083
retina	Q3_137537(total_counts轴)	MG	35	0	0	0.8051
retina	Q3_137537(total_counts轴)	MG	36	0	0	0.8067
retina	Q3_137537(total_counts轴)	MG	37	0	0	0.8116
retina	Q3_137537(total_counts轴)	MG	38	0	0	0.8131
retina	Q3_137537(total_counts轴)	MG	39	0	0	0.8053
retina	Q3_137537(total_counts轴)	MG	40	0	0	0.8114
retina	Q3_137537(total_counts轴)	MG	41	0	0	0.8104
retina	Q3_137537(total_counts轴)	MG	42	0	0	0.8088
retina	Q3_137537(total_counts轴)	MG	43	0	0	0.8097
retina	Q3_137537(total_counts轴)	MG	44	0	0	0.8081
retina	Q3_137537(total_counts轴)	MG	45	0	0	0.8109
retina	Q3_137537(total_counts轴)	MG	46	0	0	0.8099
retina	Q3_137537(total_counts轴)	MG	47	0	0	0.8073
retina	Q3_137537(total_counts轴)	MG	48	0	0	0.811
retina	Q3_137537(total_counts轴)	MG	49	0	0	0.8047
retina	Q4_148077(n_genes代理)	AC	0	1	1	0.7613
retina	Q4_148077(n_genes代理)	AC	1	1	1	0.7596
retina	Q4_148077(n_genes代理)	AC	2	1	1	0.7684
retina	Q4_148077(n_genes代理)	AC	3	1	0	0.7669
retina	Q4_148077(n_genes代理)	AC	4	0	1	0.7614
retina	Q4_148077(n_genes代理)	AC	5	0	1	0.769
retina	Q4_148077(n_genes代理)	AC	6	1	1	0.7633
retina	Q4_148077(n_genes代理)	AC	7	1	1	0.7665
retina	Q4_148077(n_genes代理)	AC	8	1	1	0.7666
retina	Q4_148077(n_genes代理)	AC	9	1	1	0.7671
retina	Q4_148077(n_genes代理)	AC	10	1	1	0.7696
retina	Q4_148077(n_genes代理)	AC	11	0	1	0.7623
retina	Q4_148077(n_genes代理)	AC	12	1	1	0.7668
retina	Q4_148077(n_genes代理)	AC	13	1	1	0.7701
retina	Q4_148077(n_genes代理)	AC	14	0	1	0.7706
retina	Q4_148077(n_genes代理)	AC	15	1	1	0.7643
retina	Q4_148077(n_genes代理)	AC	16	1	1	0.7587
retina	Q4_148077(n_genes代理)	AC	17	1	1	0.7638
retina	Q4_148077(n_genes代理)	AC	18	1	0	0.7787
retina	Q4_148077(n_genes代理)	AC	19	0	0	0.7642
retina	Q4_148077(n_genes代理)	AC	20	0	0	0.7634
retina	Q4_148077(n_genes代理)	AC	21	1	0	0.7581
retina	Q4_148077(n_genes代理)	AC	22	1	1	0.7701
retina	Q4_148077(n_genes代理)	AC	23	1	1	0.7628
retina	Q4_148077(n_genes代理)	AC	24	0	1	0.7722
retina	Q4_148077(n_genes代理)	AC	25	1	1	0.7659
retina	Q4_148077(n_genes代理)	AC	26	1	1	0.7671
retina	Q4_148077(n_genes代理)	AC	27	1	1	0.762
retina	Q4_148077(n_genes代理)	AC	28	1	1	0.7651
retina	Q4_148077(n_genes代理)	AC	29	1	1	0.7652
retina	Q4_148077(n_genes代理)	AC	30	1	1	0.7629
retina	Q4_148077(n_genes代理)	AC	31	1	0	0.765
retina	Q4_148077(n_genes代理)	AC	32	1	1	0.7639
retina	Q4_148077(n_genes代理)	AC	33	1	0	0.7703
retina	Q4_148077(n_genes代理)	AC	34	1	1	0.7719
retina	Q4_148077(n_genes代理)	AC	35	1	1	0.7627
retina	Q4_148077(n_genes代理)	AC	36	0	1	0.7683
retina	Q4_148077(n_genes代理)	AC	37	1	1	0.7584
retina	Q4_148077(n_genes代理)	AC	38	1	1	0.7661
retina	Q4_148077(n_genes代理)	AC	39	0	1	0.7694
retina	Q4_148077(n_genes代理)	AC	40	0	0	0.7756
retina	Q4_148077(n_genes代理)	AC	41	1	1	0.7558
retina	Q4_148077(n_genes代理)	AC	42	0	1	0.7648
retina	Q4_148077(n_genes代理)	AC	43	1	1	0.7542
retina	Q4_148077(n_genes代理)	AC	44	1	0	0.7704
retina	Q4_148077(n_genes代理)	AC	45	1	1	0.7578
retina	Q4_148077(n_genes代理)	AC	46	1	1	0.7667
retina	Q4_148077(n_genes代理)	AC	47	1	1	0.7606
retina	Q4_148077(n_genes代理)	AC	48	1	1	0.761
retina	Q4_148077(n_genes代理)	AC	49	0	0	0.7692
retina	Q4_148077(n_genes代理)	MG	0	0	1	0.71
retina	Q4_148077(n_genes代理)	MG	1	1	1	0.6987
retina	Q4_148077(n_genes代理)	MG	2	1	1	0.6984
retina	Q4_148077(n_genes代理)	MG	3	0	1	0.7
retina	Q4_148077(n_genes代理)	MG	4	1	1	0.701
retina	Q4_148077(n_genes代理)	MG	5	1	0	0.7066
retina	Q4_148077(n_genes代理)	MG	6	1	1	0.6992
retina	Q4_148077(n_genes代理)	MG	7	1	1	0.6966
retina	Q4_148077(n_genes代理)	MG	8	0	1	0.712
retina	Q4_148077(n_genes代理)	MG	9	0	1	0.6995
retina	Q4_148077(n_genes代理)	MG	10	1	1	0.7087
retina	Q4_148077(n_genes代理)	MG	11	1	0	0.7155
retina	Q4_148077(n_genes代理)	MG	12	1	0	0.7154
retina	Q4_148077(n_genes代理)	MG	13	0	1	0.7011
retina	Q4_148077(n_genes代理)	MG	14	1	2	0.6791
retina	Q4_148077(n_genes代理)	MG	15	2	1	0.7064
retina	Q4_148077(n_genes代理)	MG	16	1	1	0.7022
retina	Q4_148077(n_genes代理)	MG	17	0	1	0.71
retina	Q4_148077(n_genes代理)	MG	18	2	1	0.7019
retina	Q4_148077(n_genes代理)	MG	19	1	0	0.7219
retina	Q4_148077(n_genes代理)	MG	20	0	1	0.7065
retina	Q4_148077(n_genes代理)	MG	21	2	1	0.693
retina	Q4_148077(n_genes代理)	MG	22	0	0	0.6937
retina	Q4_148077(n_genes代理)	MG	23	1	1	0.7198
retina	Q4_148077(n_genes代理)	MG	24	0	0	0.6951
retina	Q4_148077(n_genes代理)	MG	25	1	1	0.7042
retina	Q4_148077(n_genes代理)	MG	26	1	2	0.7127
retina	Q4_148077(n_genes代理)	MG	27	1	1	0.7091
retina	Q4_148077(n_genes代理)	MG	28	1	1	0.7152
retina	Q4_148077(n_genes代理)	MG	29	1	1	0.7017
retina	Q4_148077(n_genes代理)	MG	30	1	0	0.7094
retina	Q4_148077(n_genes代理)	MG	31	1	1	0.6832
retina	Q4_148077(n_genes代理)	MG	32	1	1	0.6994
retina	Q4_148077(n_genes代理)	MG	33	0	1	0.7065
retina	Q4_148077(n_genes代理)	MG	34	1	2	0.7043
retina	Q4_148077(n_genes代理)	MG	35	2	1	0.6938
retina	Q4_148077(n_genes代理)	MG	36	1	1	0.7151
retina	Q4_148077(n_genes代理)	MG	37	1	0	0.6944
retina	Q4_148077(n_genes代理)	MG	38	0	1	0.6968
retina	Q4_148077(n_genes代理)	MG	39	1	1	0.7105
retina	Q4_148077(n_genes代理)	MG	40	1	0	0.7292
retina	Q4_148077(n_genes代理)	MG	41	0	1	0.6907
retina	Q4_148077(n_genes代理)	MG	42	1	1	0.7084
retina	Q4_148077(n_genes代理)	MG	43	1	1	0.6971
retina	Q4_148077(n_genes代理)	MG	44	1	1	0.7134
retina	Q4_148077(n_genes代理)	MG	45	1	1	0.6878
retina	Q4_148077(n_genes代理)	MG	46	1	2	0.6977
retina	Q4_148077(n_genes代理)	MG	47	1	1	0.7089
retina	Q4_148077(n_genes代理)	MG	48	1	1	0.7135
retina	Q4_148077(n_genes代理)	MG	49	1	0	0.6993
ocular_surface	Q6_sub100k(nFeature_RNA)	Epithelium	0	0	0	0.9397
ocular_surface	Q6_sub100k(nFeature_RNA)	Epithelium	1	0	0	0.9379
ocular_surface	Q6_sub100k(nFeature_RNA)	Epithelium	2	0	0	0.937
ocular_surface	Q6_sub100k(nFeature_RNA)	Epithelium	3	0	0	0.9398
ocular_surface	Q6_sub100k(nFeature_RNA)	Epithelium	4	0	0	0.936
ocular_surface	Q6_sub100k(nFeature_RNA)	Epithelium	5	0	0	0.9381
ocular_surface	Q6_sub100k(nFeature_RNA)	Epithelium	6	0	0	0.9388
ocular_surface	Q6_sub100k(nFeature_RNA)	Epithelium	7	0	0	0.9336
ocular_surface	Q6_sub100k(nFeature_RNA)	Epithelium	8	0	0	0.9382
ocular_surface	Q6_sub100k(nFeature_RNA)	Epithelium	9	0	0	0.9356
ocular_surface	Q6_sub100k(nFeature_RNA)	Epithelium	10	0	0	0.9409
ocular_surface	Q6_sub100k(nFeature_RNA)	Epithelium	11	0	0	0.9367
ocular_surface	Q6_sub100k(nFeature_RNA)	Epithelium	12	0	0	0.9381
ocular_surface	Q6_sub100k(nFeature_RNA)	Epithelium	13	0	0	0.9379
ocular_surface	Q6_sub100k(nFeature_RNA)	Epithelium	14	0	0	0.9379
ocular_surface	Q6_sub100k(nFeature_RNA)	Epithelium	15	0	0	0.9354
ocular_surface	Q6_sub100k(nFeature_RNA)	Epithelium	16	0	0	0.9372
ocular_surface	Q6_sub100k(nFeature_RNA)	Epithelium	17	0	0	0.9387
ocular_surface	Q6_sub100k(nFeature_RNA)	Epithelium	18	0	0	0.9364
ocular_surface	Q6_sub100k(nFeature_RNA)	Epithelium	19	0	0	0.9373
ocular_surface	Q6_sub100k(nFeature_RNA)	Epithelium	20	0	0	0.9395
ocular_surface	Q6_sub100k(nFeature_RNA)	Epithelium	21	0	0	0.9391
ocular_surface	Q6_sub100k(nFeature_RNA)	Epithelium	22	0	0	0.9324
ocular_surface	Q6_sub100k(nFeature_RNA)	Epithelium	23	0	0	0.9384
ocular_surface	Q6_sub100k(nFeature_RNA)	Epithelium	24	0	0	0.9384
ocular_surface	Q6_sub100k(nFeature_RNA)	Epithelium	25	0	0	0.9386
ocular_surface	Q6_sub100k(nFeature_RNA)	Epithelium	26	0	0	0.9393
ocular_surface	Q6_sub100k(nFeature_RNA)	Epithelium	27	0	0	0.936
ocular_surface	Q6_sub100k(nFeature_RNA)	Epithelium	28	0	0	0.939
ocular_surface	Q6_sub100k(nFeature_RNA)	Epithelium	29	0	0	0.9365
ocular_surface	Q6_sub100k(nFeature_RNA)	Epithelium	30	0	0	0.938
ocular_surface	Q6_sub100k(nFeature_RNA)	Epithelium	31	0	0	0.9379
ocular_surface	Q6_sub100k(nFeature_RNA)	Epithelium	32	0	0	0.9381
ocular_surface	Q6_sub100k(nFeature_RNA)	Epithelium	33	0	0	0.9379
ocular_surface	Q6_sub100k(nFeature_RNA)	Epithelium	34	0	0	0.9371
ocular_surface	Q6_sub100k(nFeature_RNA)	Epithelium	35	0	0	0.9405
ocular_surface	Q6_sub100k(nFeature_RNA)	Epithelium	36	0	0	0.94
ocular_surface	Q6_sub100k(nFeature_RNA)	Epithelium	37	0	0	0.9392
ocular_surface	Q6_sub100k(nFeature_RNA)	Epithelium	38	0	0	0.9368
ocular_surface	Q6_sub100k(nFeature_RNA)	Epithelium	39	0	0	0.937
ocular_surface	Q6_sub100k(nFeature_RNA)	Epithelium	40	0	0	0.9378
ocular_surface	Q6_sub100k(nFeature_RNA)	Epithelium	41	0	0	0.9385
ocular_surface	Q6_sub100k(nFeature_RNA)	Epithelium	42	0	0	0.9371
ocular_surface	Q6_sub100k(nFeature_RNA)	Epithelium	43	0	0	0.9373
ocular_surface	Q6_sub100k(nFeature_RNA)	Epithelium	44	0	0	0.9377
ocular_surface	Q6_sub100k(nFeature_RNA)	Epithelium	45	0	0	0.9395
ocular_surface	Q6_sub100k(nFeature_RNA)	Epithelium	46	0	0	0.9352
ocular_surface	Q6_sub100k(nFeature_RNA)	Epithelium	47	0	0	0.9358
ocular_surface	Q6_sub100k(nFeature_RNA)	Epithelium	48	0	0	0.9375
ocular_surface	Q6_sub100k(nFeature_RNA)	Epithelium	49	0	0	0.9387
ocular_surface	Q6_sub100k(nFeature_RNA)	Fibroblasts	0	0	2	0.927
ocular_surface	Q6_sub100k(nFeature_RNA)	Fibroblasts	1	0	2	0.9258
ocular_surface	Q6_sub100k(nFeature_RNA)	Fibroblasts	2	0	2	0.9215
ocular_surface	Q6_sub100k(nFeature_RNA)	Fibroblasts	3	0	2	0.9221
ocular_surface	Q6_sub100k(nFeature_RNA)	Fibroblasts	4	0	2	0.922
ocular_surface	Q6_sub100k(nFeature_RNA)	Fibroblasts	5	0	2	0.9226
ocular_surface	Q6_sub100k(nFeature_RNA)	Fibroblasts	6	0	2	0.9226
ocular_surface	Q6_sub100k(nFeature_RNA)	Fibroblasts	7	0	1	0.9226
ocular_surface	Q6_sub100k(nFeature_RNA)	Fibroblasts	8	0	2	0.9243
ocular_surface	Q6_sub100k(nFeature_RNA)	Fibroblasts	9	0	2	0.9213
ocular_surface	Q6_sub100k(nFeature_RNA)	Fibroblasts	10	0	2	0.9225
ocular_surface	Q6_sub100k(nFeature_RNA)	Fibroblasts	11	0	2	0.9268
ocular_surface	Q6_sub100k(nFeature_RNA)	Fibroblasts	12	0	1	0.9227
ocular_surface	Q6_sub100k(nFeature_RNA)	Fibroblasts	13	0	2	0.9243
ocular_surface	Q6_sub100k(nFeature_RNA)	Fibroblasts	14	0	1	0.9207
ocular_surface	Q6_sub100k(nFeature_RNA)	Fibroblasts	15	0	1	0.9245
ocular_surface	Q6_sub100k(nFeature_RNA)	Fibroblasts	16	0	2	0.9214
ocular_surface	Q6_sub100k(nFeature_RNA)	Fibroblasts	17	0	2	0.9233
ocular_surface	Q6_sub100k(nFeature_RNA)	Fibroblasts	18	0	1	0.9224
ocular_surface	Q6_sub100k(nFeature_RNA)	Fibroblasts	19	0	1	0.9257
ocular_surface	Q6_sub100k(nFeature_RNA)	Fibroblasts	20	0	2	0.9255
ocular_surface	Q6_sub100k(nFeature_RNA)	Fibroblasts	21	0	1	0.9217
ocular_surface	Q6_sub100k(nFeature_RNA)	Fibroblasts	22	0	2	0.9222
ocular_surface	Q6_sub100k(nFeature_RNA)	Fibroblasts	23	0	2	0.9216
ocular_surface	Q6_sub100k(nFeature_RNA)	Fibroblasts	24	0	1	0.9261
ocular_surface	Q6_sub100k(nFeature_RNA)	Fibroblasts	25	0	1	0.9262
ocular_surface	Q6_sub100k(nFeature_RNA)	Fibroblasts	26	0	2	0.923
ocular_surface	Q6_sub100k(nFeature_RNA)	Fibroblasts	27	0	2	0.9234
ocular_surface	Q6_sub100k(nFeature_RNA)	Fibroblasts	28	0	2	0.9209
ocular_surface	Q6_sub100k(nFeature_RNA)	Fibroblasts	29	0	1	0.9229
ocular_surface	Q6_sub100k(nFeature_RNA)	Fibroblasts	30	0	1	0.9211
ocular_surface	Q6_sub100k(nFeature_RNA)	Fibroblasts	31	0	2	0.9219
ocular_surface	Q6_sub100k(nFeature_RNA)	Fibroblasts	32	0	1	0.9206
ocular_surface	Q6_sub100k(nFeature_RNA)	Fibroblasts	33	0	2	0.9258
ocular_surface	Q6_sub100k(nFeature_RNA)	Fibroblasts	34	0	1	0.9211
ocular_surface	Q6_sub100k(nFeature_RNA)	Fibroblasts	35	0	2	0.9205
ocular_surface	Q6_sub100k(nFeature_RNA)	Fibroblasts	36	0	2	0.9253
ocular_surface	Q6_sub100k(nFeature_RNA)	Fibroblasts	37	0	2	0.9217
ocular_surface	Q6_sub100k(nFeature_RNA)	Fibroblasts	38	0	2	0.9248
ocular_surface	Q6_sub100k(nFeature_RNA)	Fibroblasts	39	0	2	0.9276
ocular_surface	Q6_sub100k(nFeature_RNA)	Fibroblasts	40	0	1	0.9208
ocular_surface	Q6_sub100k(nFeature_RNA)	Fibroblasts	41	0	2	0.9205
ocular_surface	Q6_sub100k(nFeature_RNA)	Fibroblasts	42	0	2	0.9231
ocular_surface	Q6_sub100k(nFeature_RNA)	Fibroblasts	43	0	1	0.9256
ocular_surface	Q6_sub100k(nFeature_RNA)	Fibroblasts	44	0	2	0.9198
ocular_surface	Q6_sub100k(nFeature_RNA)	Fibroblasts	45	0	2	0.9254
ocular_surface	Q6_sub100k(nFeature_RNA)	Fibroblasts	46	0	1	0.9188
ocular_surface	Q6_sub100k(nFeature_RNA)	Fibroblasts	47	0	1	0.9205
ocular_surface	Q6_sub100k(nFeature_RNA)	Fibroblasts	48	0	1	0.9238
ocular_surface	Q6_sub100k(nFeature_RNA)	Fibroblasts	49	0	2	0.923
ocular_surface	Q6_sub100k(nFeature_RNA)	Immune Cells	0	1	2	0.7866
ocular_surface	Q6_sub100k(nFeature_RNA)	Immune Cells	1	2	2	0.7807
ocular_surface	Q6_sub100k(nFeature_RNA)	Immune Cells	2	3	3	0.7759
ocular_surface	Q6_sub100k(nFeature_RNA)	Immune Cells	3	1	2	0.7677
ocular_surface	Q6_sub100k(nFeature_RNA)	Immune Cells	4	2	3	0.7681
ocular_surface	Q6_sub100k(nFeature_RNA)	Immune Cells	5	2	2	0.7711
ocular_surface	Q6_sub100k(nFeature_RNA)	Immune Cells	6	2	1	0.7774
ocular_surface	Q6_sub100k(nFeature_RNA)	Immune Cells	7	3	1	0.7738
ocular_surface	Q6_sub100k(nFeature_RNA)	Immune Cells	8	3	3	0.7658
ocular_surface	Q6_sub100k(nFeature_RNA)	Immune Cells	9	3	2	0.7674
ocular_surface	Q6_sub100k(nFeature_RNA)	Immune Cells	10	2	1	0.7774
ocular_surface	Q6_sub100k(nFeature_RNA)	Immune Cells	11	2	2	0.7758
ocular_surface	Q6_sub100k(nFeature_RNA)	Immune Cells	12	2	2	0.7691
ocular_surface	Q6_sub100k(nFeature_RNA)	Immune Cells	13	2	2	0.7687
ocular_surface	Q6_sub100k(nFeature_RNA)	Immune Cells	14	2	2	0.7679
ocular_surface	Q6_sub100k(nFeature_RNA)	Immune Cells	15	2	2	0.7711
ocular_surface	Q6_sub100k(nFeature_RNA)	Immune Cells	16	1	1	0.7835
ocular_surface	Q6_sub100k(nFeature_RNA)	Immune Cells	17	2	1	0.7729
ocular_surface	Q6_sub100k(nFeature_RNA)	Immune Cells	18	2	1	0.7851
ocular_surface	Q6_sub100k(nFeature_RNA)	Immune Cells	19	2	2	0.7737
ocular_surface	Q6_sub100k(nFeature_RNA)	Immune Cells	20	2	1	0.7772
ocular_surface	Q6_sub100k(nFeature_RNA)	Immune Cells	21	2	1	0.768
ocular_surface	Q6_sub100k(nFeature_RNA)	Immune Cells	22	2	2	0.7771
ocular_surface	Q6_sub100k(nFeature_RNA)	Immune Cells	23	3	3	0.7724
ocular_surface	Q6_sub100k(nFeature_RNA)	Immune Cells	24	1	1	0.7737
ocular_surface	Q6_sub100k(nFeature_RNA)	Immune Cells	25	2	2	0.7682
ocular_surface	Q6_sub100k(nFeature_RNA)	Immune Cells	26	2	2	0.7663
ocular_surface	Q6_sub100k(nFeature_RNA)	Immune Cells	27	1	1	0.7822
ocular_surface	Q6_sub100k(nFeature_RNA)	Immune Cells	28	2	2	0.7779
ocular_surface	Q6_sub100k(nFeature_RNA)	Immune Cells	29	1	2	0.7695
ocular_surface	Q6_sub100k(nFeature_RNA)	Immune Cells	30	2	1	0.7802
ocular_surface	Q6_sub100k(nFeature_RNA)	Immune Cells	31	2	1	0.7761
ocular_surface	Q6_sub100k(nFeature_RNA)	Immune Cells	32	2	1	0.7705
ocular_surface	Q6_sub100k(nFeature_RNA)	Immune Cells	33	2	2	0.7722
ocular_surface	Q6_sub100k(nFeature_RNA)	Immune Cells	34	2	1	0.7797
ocular_surface	Q6_sub100k(nFeature_RNA)	Immune Cells	35	3	2	0.7743
ocular_surface	Q6_sub100k(nFeature_RNA)	Immune Cells	36	2	2	0.7628
ocular_surface	Q6_sub100k(nFeature_RNA)	Immune Cells	37	2	1	0.774
ocular_surface	Q6_sub100k(nFeature_RNA)	Immune Cells	38	2	2	0.764
ocular_surface	Q6_sub100k(nFeature_RNA)	Immune Cells	39	2	2	0.7778
ocular_surface	Q6_sub100k(nFeature_RNA)	Immune Cells	40	2	3	0.7708
ocular_surface	Q6_sub100k(nFeature_RNA)	Immune Cells	41	2	2	0.775
ocular_surface	Q6_sub100k(nFeature_RNA)	Immune Cells	42	2	2	0.7688
ocular_surface	Q6_sub100k(nFeature_RNA)	Immune Cells	43	2	2	0.7806
ocular_surface	Q6_sub100k(nFeature_RNA)	Immune Cells	44	2	1	0.7739
ocular_surface	Q6_sub100k(nFeature_RNA)	Immune Cells	45	2	3	0.783
ocular_surface	Q6_sub100k(nFeature_RNA)	Immune Cells	46	2	1	0.7809
ocular_surface	Q6_sub100k(nFeature_RNA)	Immune Cells	47	2	2	0.7573
ocular_surface	Q6_sub100k(nFeature_RNA)	Immune Cells	48	2	3	0.7547
ocular_surface	Q6_sub100k(nFeature_RNA)	Immune Cells	49	2	4	0.7683
ocular_surface	Q6_sub100k(nFeature_RNA)	Endothelium	0	1	0	0.9142
ocular_surface	Q6_sub100k(nFeature_RNA)	Endothelium	1	1	0	0.9146
ocular_surface	Q6_sub100k(nFeature_RNA)	Endothelium	2	1	0	0.9139
ocular_surface	Q6_sub100k(nFeature_RNA)	Endothelium	3	1	0	0.9154
ocular_surface	Q6_sub100k(nFeature_RNA)	Endothelium	4	1	0	0.9134
ocular_surface	Q6_sub100k(nFeature_RNA)	Endothelium	5	1	0	0.9177
ocular_surface	Q6_sub100k(nFeature_RNA)	Endothelium	6	1	0	0.9134
ocular_surface	Q6_sub100k(nFeature_RNA)	Endothelium	7	1	0	0.9148
ocular_surface	Q6_sub100k(nFeature_RNA)	Endothelium	8	1	0	0.9158
ocular_surface	Q6_sub100k(nFeature_RNA)	Endothelium	9	1	1	0.9133
ocular_surface	Q6_sub100k(nFeature_RNA)	Endothelium	10	1	0	0.9158
ocular_surface	Q6_sub100k(nFeature_RNA)	Endothelium	11	1	0	0.9131
ocular_surface	Q6_sub100k(nFeature_RNA)	Endothelium	12	1	1	0.9119
ocular_surface	Q6_sub100k(nFeature_RNA)	Endothelium	13	1	0	0.917
ocular_surface	Q6_sub100k(nFeature_RNA)	Endothelium	14	1	0	0.9198
ocular_surface	Q6_sub100k(nFeature_RNA)	Endothelium	15	1	0	0.9186
ocular_surface	Q6_sub100k(nFeature_RNA)	Endothelium	16	1	0	0.9116
ocular_surface	Q6_sub100k(nFeature_RNA)	Endothelium	17	1	0	0.9138
ocular_surface	Q6_sub100k(nFeature_RNA)	Endothelium	18	1	0	0.9155
ocular_surface	Q6_sub100k(nFeature_RNA)	Endothelium	19	1	0	0.9143
ocular_surface	Q6_sub100k(nFeature_RNA)	Endothelium	20	1	0	0.9143
ocular_surface	Q6_sub100k(nFeature_RNA)	Endothelium	21	1	0	0.9134
ocular_surface	Q6_sub100k(nFeature_RNA)	Endothelium	22	1	0	0.9144
ocular_surface	Q6_sub100k(nFeature_RNA)	Endothelium	23	1	0	0.915
ocular_surface	Q6_sub100k(nFeature_RNA)	Endothelium	24	1	0	0.9153
ocular_surface	Q6_sub100k(nFeature_RNA)	Endothelium	25	1	0	0.9164
ocular_surface	Q6_sub100k(nFeature_RNA)	Endothelium	26	1	0	0.9138
ocular_surface	Q6_sub100k(nFeature_RNA)	Endothelium	27	1	0	0.9112
ocular_surface	Q6_sub100k(nFeature_RNA)	Endothelium	28	1	0	0.909
ocular_surface	Q6_sub100k(nFeature_RNA)	Endothelium	29	1	0	0.9141
ocular_surface	Q6_sub100k(nFeature_RNA)	Endothelium	30	1	0	0.9143
ocular_surface	Q6_sub100k(nFeature_RNA)	Endothelium	31	1	0	0.9181
ocular_surface	Q6_sub100k(nFeature_RNA)	Endothelium	32	1	1	0.9179
ocular_surface	Q6_sub100k(nFeature_RNA)	Endothelium	33	1	0	0.9145
ocular_surface	Q6_sub100k(nFeature_RNA)	Endothelium	34	1	0	0.9178
ocular_surface	Q6_sub100k(nFeature_RNA)	Endothelium	35	1	0	0.9141
ocular_surface	Q6_sub100k(nFeature_RNA)	Endothelium	36	1	0	0.9134
ocular_surface	Q6_sub100k(nFeature_RNA)	Endothelium	37	1	0	0.9162
ocular_surface	Q6_sub100k(nFeature_RNA)	Endothelium	38	1	1	0.9107
ocular_surface	Q6_sub100k(nFeature_RNA)	Endothelium	39	1	1	0.9165
ocular_surface	Q6_sub100k(nFeature_RNA)	Endothelium	40	1	0	0.9163
ocular_surface	Q6_sub100k(nFeature_RNA)	Endothelium	41	1	0	0.9154
ocular_surface	Q6_sub100k(nFeature_RNA)	Endothelium	42	1	0	0.9131
ocular_surface	Q6_sub100k(nFeature_RNA)	Endothelium	43	1	1	0.9147
ocular_surface	Q6_sub100k(nFeature_RNA)	Endothelium	44	1	0	0.912
ocular_surface	Q6_sub100k(nFeature_RNA)	Endothelium	45	1	0	0.9161
ocular_surface	Q6_sub100k(nFeature_RNA)	Endothelium	46	1	0	0.9181
ocular_surface	Q6_sub100k(nFeature_RNA)	Endothelium	47	1	0	0.9161
ocular_surface	Q6_sub100k(nFeature_RNA)	Endothelium	48	1	0	0.9145
ocular_surface	Q6_sub100k(nFeature_RNA)	Endothelium	49	1	0	0.9161
ocular_surface	Q6_sub100k(nFeature_RNA)	Pericytes	0	2	1	0.8235
ocular_surface	Q6_sub100k(nFeature_RNA)	Pericytes	1	1	0	0.813
ocular_surface	Q6_sub100k(nFeature_RNA)	Pericytes	2	1	1	0.8115
ocular_surface	Q6_sub100k(nFeature_RNA)	Pericytes	3	1	1	0.8231
ocular_surface	Q6_sub100k(nFeature_RNA)	Pericytes	4	1	0	0.8212
ocular_surface	Q6_sub100k(nFeature_RNA)	Pericytes	5	1	1	0.8155
ocular_surface	Q6_sub100k(nFeature_RNA)	Pericytes	6	1	0	0.8291
ocular_surface	Q6_sub100k(nFeature_RNA)	Pericytes	7	1	1	0.8131
ocular_surface	Q6_sub100k(nFeature_RNA)	Pericytes	8	0	0	0.8199
ocular_surface	Q6_sub100k(nFeature_RNA)	Pericytes	9	0	0	0.8181
ocular_surface	Q6_sub100k(nFeature_RNA)	Pericytes	10	1	0	0.8274
ocular_surface	Q6_sub100k(nFeature_RNA)	Pericytes	11	1	0	0.8234
ocular_surface	Q6_sub100k(nFeature_RNA)	Pericytes	12	1	1	0.8235
ocular_surface	Q6_sub100k(nFeature_RNA)	Pericytes	13	0	0	0.8182
ocular_surface	Q6_sub100k(nFeature_RNA)	Pericytes	14	1	1	0.826
ocular_surface	Q6_sub100k(nFeature_RNA)	Pericytes	15	0	0	0.8207
ocular_surface	Q6_sub100k(nFeature_RNA)	Pericytes	16	0	1	0.8188
ocular_surface	Q6_sub100k(nFeature_RNA)	Pericytes	17	1	1	0.8214
ocular_surface	Q6_sub100k(nFeature_RNA)	Pericytes	18	1	1	0.8142
ocular_surface	Q6_sub100k(nFeature_RNA)	Pericytes	19	1	1	0.8175
ocular_surface	Q6_sub100k(nFeature_RNA)	Pericytes	20	1	0	0.8206
ocular_surface	Q6_sub100k(nFeature_RNA)	Pericytes	21	0	0	0.8239
ocular_surface	Q6_sub100k(nFeature_RNA)	Pericytes	22	1	1	0.819
ocular_surface	Q6_sub100k(nFeature_RNA)	Pericytes	23	1	1	0.8184
ocular_surface	Q6_sub100k(nFeature_RNA)	Pericytes	24	1	0	0.8166
ocular_surface	Q6_sub100k(nFeature_RNA)	Pericytes	25	1	0	0.8264
ocular_surface	Q6_sub100k(nFeature_RNA)	Pericytes	26	2	0	0.8239
ocular_surface	Q6_sub100k(nFeature_RNA)	Pericytes	27	2	1	0.8277
ocular_surface	Q6_sub100k(nFeature_RNA)	Pericytes	28	0	1	0.8248
ocular_surface	Q6_sub100k(nFeature_RNA)	Pericytes	29	1	1	0.8119
ocular_surface	Q6_sub100k(nFeature_RNA)	Pericytes	30	1	0	0.8244
ocular_surface	Q6_sub100k(nFeature_RNA)	Pericytes	31	0	0	0.8213
ocular_surface	Q6_sub100k(nFeature_RNA)	Pericytes	32	2	1	0.8136
ocular_surface	Q6_sub100k(nFeature_RNA)	Pericytes	33	0	0	0.8139
ocular_surface	Q6_sub100k(nFeature_RNA)	Pericytes	34	0	0	0.8144
ocular_surface	Q6_sub100k(nFeature_RNA)	Pericytes	35	2	0	0.8159
ocular_surface	Q6_sub100k(nFeature_RNA)	Pericytes	36	0	0	0.8243
ocular_surface	Q6_sub100k(nFeature_RNA)	Pericytes	37	0	0	0.8236
ocular_surface	Q6_sub100k(nFeature_RNA)	Pericytes	38	0	0	0.8197
ocular_surface	Q6_sub100k(nFeature_RNA)	Pericytes	39	0	0	0.8192
ocular_surface	Q6_sub100k(nFeature_RNA)	Pericytes	40	1	0	0.828
ocular_surface	Q6_sub100k(nFeature_RNA)	Pericytes	41	1	0	0.8274
ocular_surface	Q6_sub100k(nFeature_RNA)	Pericytes	42	0	0	0.8283
ocular_surface	Q6_sub100k(nFeature_RNA)	Pericytes	43	1	1	0.8235
ocular_surface	Q6_sub100k(nFeature_RNA)	Pericytes	44	1	1	0.8239
ocular_surface	Q6_sub100k(nFeature_RNA)	Pericytes	45	1	0	0.8235
ocular_surface	Q6_sub100k(nFeature_RNA)	Pericytes	46	0	1	0.8131
ocular_surface	Q6_sub100k(nFeature_RNA)	Pericytes	47	1	0	0.8239
ocular_surface	Q6_sub100k(nFeature_RNA)	Pericytes	48	1	0	0.8197
ocular_surface	Q6_sub100k(nFeature_RNA)	Pericytes	49	1	0	0.8201
ocular_surface	Q6_sub100k(nFeature_RNA)	Smooth Muscle Cells	0	0	0	0.8684
ocular_surface	Q6_sub100k(nFeature_RNA)	Smooth Muscle Cells	1	0	0	0.8569
ocular_surface	Q6_sub100k(nFeature_RNA)	Smooth Muscle Cells	2	0	1	0.8721
ocular_surface	Q6_sub100k(nFeature_RNA)	Smooth Muscle Cells	3	0	0	0.87
ocular_surface	Q6_sub100k(nFeature_RNA)	Smooth Muscle Cells	4	0	1	0.8611
ocular_surface	Q6_sub100k(nFeature_RNA)	Smooth Muscle Cells	5	0	1	0.8708
ocular_surface	Q6_sub100k(nFeature_RNA)	Smooth Muscle Cells	6	0	0	0.87
ocular_surface	Q6_sub100k(nFeature_RNA)	Smooth Muscle Cells	7	0	0	0.8652
ocular_surface	Q6_sub100k(nFeature_RNA)	Smooth Muscle Cells	8	0	0	0.869
ocular_surface	Q6_sub100k(nFeature_RNA)	Smooth Muscle Cells	9	0	0	0.8624
ocular_surface	Q6_sub100k(nFeature_RNA)	Smooth Muscle Cells	10	0	0	0.864
ocular_surface	Q6_sub100k(nFeature_RNA)	Smooth Muscle Cells	11	0	0	0.8699
ocular_surface	Q6_sub100k(nFeature_RNA)	Smooth Muscle Cells	12	0	1	0.8664
ocular_surface	Q6_sub100k(nFeature_RNA)	Smooth Muscle Cells	13	0	0	0.8758
ocular_surface	Q6_sub100k(nFeature_RNA)	Smooth Muscle Cells	14	0	0	0.8663
ocular_surface	Q6_sub100k(nFeature_RNA)	Smooth Muscle Cells	15	0	0	0.8711
ocular_surface	Q6_sub100k(nFeature_RNA)	Smooth Muscle Cells	16	0	0	0.8603
ocular_surface	Q6_sub100k(nFeature_RNA)	Smooth Muscle Cells	17	0	0	0.8754
ocular_surface	Q6_sub100k(nFeature_RNA)	Smooth Muscle Cells	18	0	1	0.8695
ocular_surface	Q6_sub100k(nFeature_RNA)	Smooth Muscle Cells	19	0	0	0.863
ocular_surface	Q6_sub100k(nFeature_RNA)	Smooth Muscle Cells	20	0	0	0.8628
ocular_surface	Q6_sub100k(nFeature_RNA)	Smooth Muscle Cells	21	0	1	0.8638
ocular_surface	Q6_sub100k(nFeature_RNA)	Smooth Muscle Cells	22	0	1	0.8567
ocular_surface	Q6_sub100k(nFeature_RNA)	Smooth Muscle Cells	23	0	1	0.8618
ocular_surface	Q6_sub100k(nFeature_RNA)	Smooth Muscle Cells	24	0	0	0.87
ocular_surface	Q6_sub100k(nFeature_RNA)	Smooth Muscle Cells	25	0	1	0.8597
ocular_surface	Q6_sub100k(nFeature_RNA)	Smooth Muscle Cells	26	0	0	0.8604
ocular_surface	Q6_sub100k(nFeature_RNA)	Smooth Muscle Cells	27	0	1	0.8666
ocular_surface	Q6_sub100k(nFeature_RNA)	Smooth Muscle Cells	28	0	0	0.8685
ocular_surface	Q6_sub100k(nFeature_RNA)	Smooth Muscle Cells	29	0	0	0.8615
ocular_surface	Q6_sub100k(nFeature_RNA)	Smooth Muscle Cells	30	0	0	0.8655
ocular_surface	Q6_sub100k(nFeature_RNA)	Smooth Muscle Cells	31	0	0	0.8692
ocular_surface	Q6_sub100k(nFeature_RNA)	Smooth Muscle Cells	32	0	0	0.8581
ocular_surface	Q6_sub100k(nFeature_RNA)	Smooth Muscle Cells	33	0	0	0.8622
ocular_surface	Q6_sub100k(nFeature_RNA)	Smooth Muscle Cells	34	0	1	0.8653
ocular_surface	Q6_sub100k(nFeature_RNA)	Smooth Muscle Cells	35	0	0	0.8667
ocular_surface	Q6_sub100k(nFeature_RNA)	Smooth Muscle Cells	36	0	0	0.8727
ocular_surface	Q6_sub100k(nFeature_RNA)	Smooth Muscle Cells	37	0	0	0.8695
ocular_surface	Q6_sub100k(nFeature_RNA)	Smooth Muscle Cells	38	0	0	0.8656
ocular_surface	Q6_sub100k(nFeature_RNA)	Smooth Muscle Cells	39	0	0	0.867
ocular_surface	Q6_sub100k(nFeature_RNA)	Smooth Muscle Cells	40	0	0	0.8638
ocular_surface	Q6_sub100k(nFeature_RNA)	Smooth Muscle Cells	41	0	0	0.8659
ocular_surface	Q6_sub100k(nFeature_RNA)	Smooth Muscle Cells	42	0	0	0.8684
ocular_surface	Q6_sub100k(nFeature_RNA)	Smooth Muscle Cells	43	0	1	0.8682
ocular_surface	Q6_sub100k(nFeature_RNA)	Smooth Muscle Cells	44	0	1	0.8648
ocular_surface	Q6_sub100k(nFeature_RNA)	Smooth Muscle Cells	45	0	0	0.8625
ocular_surface	Q6_sub100k(nFeature_RNA)	Smooth Muscle Cells	46	0	0	0.8602
ocular_surface	Q6_sub100k(nFeature_RNA)	Smooth Muscle Cells	47	0	0	0.8711
ocular_surface	Q6_sub100k(nFeature_RNA)	Smooth Muscle Cells	48	0	0	0.8741
ocular_surface	Q6_sub100k(nFeature_RNA)	Smooth Muscle Cells	49	0	0	0.8638
ocular_surface	Q6_sub100k(nFeature_RNA)	Melanocytes	0	0	1	0.8347
ocular_surface	Q6_sub100k(nFeature_RNA)	Melanocytes	1	0	1	0.8358
ocular_surface	Q6_sub100k(nFeature_RNA)	Melanocytes	2	0	1	0.8377
ocular_surface	Q6_sub100k(nFeature_RNA)	Melanocytes	3	0	0	0.8345
ocular_surface	Q6_sub100k(nFeature_RNA)	Melanocytes	4	0	0	0.8299
ocular_surface	Q6_sub100k(nFeature_RNA)	Melanocytes	5	0	1	0.8392
ocular_surface	Q6_sub100k(nFeature_RNA)	Melanocytes	6	0	0	0.8394
ocular_surface	Q6_sub100k(nFeature_RNA)	Melanocytes	7	0	1	0.8295
ocular_surface	Q6_sub100k(nFeature_RNA)	Melanocytes	8	0	1	0.8342
ocular_surface	Q6_sub100k(nFeature_RNA)	Melanocytes	9	0	1	0.8251
ocular_surface	Q6_sub100k(nFeature_RNA)	Melanocytes	10	0	1	0.8349
ocular_surface	Q6_sub100k(nFeature_RNA)	Melanocytes	11	0	1	0.8479
ocular_surface	Q6_sub100k(nFeature_RNA)	Melanocytes	12	0	1	0.834
ocular_surface	Q6_sub100k(nFeature_RNA)	Melanocytes	13	0	1	0.8301
ocular_surface	Q6_sub100k(nFeature_RNA)	Melanocytes	14	0	0	0.8341
ocular_surface	Q6_sub100k(nFeature_RNA)	Melanocytes	15	0	0	0.8476
ocular_surface	Q6_sub100k(nFeature_RNA)	Melanocytes	16	0	0	0.8408
ocular_surface	Q6_sub100k(nFeature_RNA)	Melanocytes	17	0	1	0.8457
ocular_surface	Q6_sub100k(nFeature_RNA)	Melanocytes	18	0	0	0.8307
ocular_surface	Q6_sub100k(nFeature_RNA)	Melanocytes	19	0	1	0.8368
ocular_surface	Q6_sub100k(nFeature_RNA)	Melanocytes	20	0	1	0.8423
ocular_surface	Q6_sub100k(nFeature_RNA)	Melanocytes	21	0	0	0.8397
ocular_surface	Q6_sub100k(nFeature_RNA)	Melanocytes	22	0	0	0.8443
ocular_surface	Q6_sub100k(nFeature_RNA)	Melanocytes	23	0	1	0.8405
ocular_surface	Q6_sub100k(nFeature_RNA)	Melanocytes	24	0	1	0.8405
ocular_surface	Q6_sub100k(nFeature_RNA)	Melanocytes	25	0	1	0.8383
ocular_surface	Q6_sub100k(nFeature_RNA)	Melanocytes	26	0	0	0.835
ocular_surface	Q6_sub100k(nFeature_RNA)	Melanocytes	27	0	1	0.8405
ocular_surface	Q6_sub100k(nFeature_RNA)	Melanocytes	28	0	1	0.8379
ocular_surface	Q6_sub100k(nFeature_RNA)	Melanocytes	29	0	0	0.8502
ocular_surface	Q6_sub100k(nFeature_RNA)	Melanocytes	30	0	0	0.8356
ocular_surface	Q6_sub100k(nFeature_RNA)	Melanocytes	31	0	0	0.8376
ocular_surface	Q6_sub100k(nFeature_RNA)	Melanocytes	32	0	1	0.8404
ocular_surface	Q6_sub100k(nFeature_RNA)	Melanocytes	33	0	1	0.8389
ocular_surface	Q6_sub100k(nFeature_RNA)	Melanocytes	34	0	1	0.8388
ocular_surface	Q6_sub100k(nFeature_RNA)	Melanocytes	35	0	0	0.8344
ocular_surface	Q6_sub100k(nFeature_RNA)	Melanocytes	36	0	0	0.8428
ocular_surface	Q6_sub100k(nFeature_RNA)	Melanocytes	37	0	0	0.8311
ocular_surface	Q6_sub100k(nFeature_RNA)	Melanocytes	38	0	1	0.8374
ocular_surface	Q6_sub100k(nFeature_RNA)	Melanocytes	39	0	1	0.8352
ocular_surface	Q6_sub100k(nFeature_RNA)	Melanocytes	40	0	0	0.8396
ocular_surface	Q6_sub100k(nFeature_RNA)	Melanocytes	41	0	1	0.8318
ocular_surface	Q6_sub100k(nFeature_RNA)	Melanocytes	42	0	0	0.8406
ocular_surface	Q6_sub100k(nFeature_RNA)	Melanocytes	43	0	1	0.8374
ocular_surface	Q6_sub100k(nFeature_RNA)	Melanocytes	44	0	0	0.8324
ocular_surface	Q6_sub100k(nFeature_RNA)	Melanocytes	45	0	0	0.8364
ocular_surface	Q6_sub100k(nFeature_RNA)	Melanocytes	46	0	0	0.8385
ocular_surface	Q6_sub100k(nFeature_RNA)	Melanocytes	47	0	1	0.8377
ocular_surface	Q6_sub100k(nFeature_RNA)	Melanocytes	48	0	0	0.843
ocular_surface	Q6_sub100k(nFeature_RNA)	Melanocytes	49	0	1	0.8466
ocular_surface	Q6_sub100k(nFeature_RNA)	Schwann Cells	0	1	1	0.7585
ocular_surface	Q6_sub100k(nFeature_RNA)	Schwann Cells	1	1	1	0.7543
ocular_surface	Q6_sub100k(nFeature_RNA)	Schwann Cells	2	1	0	0.7562
ocular_surface	Q6_sub100k(nFeature_RNA)	Schwann Cells	3	0	1	0.75
ocular_surface	Q6_sub100k(nFeature_RNA)	Schwann Cells	4	1	1	0.7472
ocular_surface	Q6_sub100k(nFeature_RNA)	Schwann Cells	5	1	1	0.757
ocular_surface	Q6_sub100k(nFeature_RNA)	Schwann Cells	6	1	1	0.7627
ocular_surface	Q6_sub100k(nFeature_RNA)	Schwann Cells	7	1	1	0.7562
ocular_surface	Q6_sub100k(nFeature_RNA)	Schwann Cells	8	1	1	0.7562
ocular_surface	Q6_sub100k(nFeature_RNA)	Schwann Cells	9	1	0	0.7568
ocular_surface	Q6_sub100k(nFeature_RNA)	Schwann Cells	10	2	1	0.7551
ocular_surface	Q6_sub100k(nFeature_RNA)	Schwann Cells	11	1	2	0.7423
ocular_surface	Q6_sub100k(nFeature_RNA)	Schwann Cells	12	1	1	0.7526
ocular_surface	Q6_sub100k(nFeature_RNA)	Schwann Cells	13	1	1	0.7509
ocular_surface	Q6_sub100k(nFeature_RNA)	Schwann Cells	14	1	0	0.7498
ocular_surface	Q6_sub100k(nFeature_RNA)	Schwann Cells	15	1	0	0.7619
ocular_surface	Q6_sub100k(nFeature_RNA)	Schwann Cells	16	1	1	0.7605
ocular_surface	Q6_sub100k(nFeature_RNA)	Schwann Cells	17	1	1	0.7547
ocular_surface	Q6_sub100k(nFeature_RNA)	Schwann Cells	18	1	0	0.7529
ocular_surface	Q6_sub100k(nFeature_RNA)	Schwann Cells	19	1	1	0.7615
ocular_surface	Q6_sub100k(nFeature_RNA)	Schwann Cells	20	1	0	0.7482
ocular_surface	Q6_sub100k(nFeature_RNA)	Schwann Cells	21	1	1	0.7553
ocular_surface	Q6_sub100k(nFeature_RNA)	Schwann Cells	22	1	1	0.748
ocular_surface	Q6_sub100k(nFeature_RNA)	Schwann Cells	23	0	1	0.7529
ocular_surface	Q6_sub100k(nFeature_RNA)	Schwann Cells	24	1	0	0.7554
ocular_surface	Q6_sub100k(nFeature_RNA)	Schwann Cells	25	1	0	0.7526
ocular_surface	Q6_sub100k(nFeature_RNA)	Schwann Cells	26	1	0	0.7487
ocular_surface	Q6_sub100k(nFeature_RNA)	Schwann Cells	27	1	1	0.762
ocular_surface	Q6_sub100k(nFeature_RNA)	Schwann Cells	28	1	0	0.7608
ocular_surface	Q6_sub100k(nFeature_RNA)	Schwann Cells	29	1	0	0.7619
ocular_surface	Q6_sub100k(nFeature_RNA)	Schwann Cells	30	1	0	0.76
ocular_surface	Q6_sub100k(nFeature_RNA)	Schwann Cells	31	1	1	0.7594
ocular_surface	Q6_sub100k(nFeature_RNA)	Schwann Cells	32	1	1	0.7613
ocular_surface	Q6_sub100k(nFeature_RNA)	Schwann Cells	33	1	1	0.7694
ocular_surface	Q6_sub100k(nFeature_RNA)	Schwann Cells	34	1	1	0.7443
ocular_surface	Q6_sub100k(nFeature_RNA)	Schwann Cells	35	1	0	0.7543
ocular_surface	Q6_sub100k(nFeature_RNA)	Schwann Cells	36	1	1	0.7473
ocular_surface	Q6_sub100k(nFeature_RNA)	Schwann Cells	37	1	0	0.767
ocular_surface	Q6_sub100k(nFeature_RNA)	Schwann Cells	38	1	1	0.7498
ocular_surface	Q6_sub100k(nFeature_RNA)	Schwann Cells	39	1	0	0.749
ocular_surface	Q6_sub100k(nFeature_RNA)	Schwann Cells	40	1	1	0.7572
ocular_surface	Q6_sub100k(nFeature_RNA)	Schwann Cells	41	1	1	0.7534
ocular_surface	Q6_sub100k(nFeature_RNA)	Schwann Cells	42	1	0	0.7558
ocular_surface	Q6_sub100k(nFeature_RNA)	Schwann Cells	43	1	1	0.75
ocular_surface	Q6_sub100k(nFeature_RNA)	Schwann Cells	44	1	0	0.7495
ocular_surface	Q6_sub100k(nFeature_RNA)	Schwann Cells	45	1	0	0.7611
ocular_surface	Q6_sub100k(nFeature_RNA)	Schwann Cells	46	1	1	0.7557
ocular_surface	Q6_sub100k(nFeature_RNA)	Schwann Cells	47	1	0	0.7571
ocular_surface	Q6_sub100k(nFeature_RNA)	Schwann Cells	48	1	1	0.7601
ocular_surface	Q6_sub100k(nFeature_RNA)	Schwann Cells	49	1	0	0.7587
