entry_id	class	owner_file_firstload	all_files_carrying_class	scope	bio_reason	dup_handling	impl_note
Rod	Rod	markers_v4.1_clean.json	markers_v4.1_clean.json|markers_v5_retina_interneuron.json|markers_v6_retina_repair.json	retina_only → 眼表面(ocular_surface)证据装配不计入 kb_marker_ranking	视杆光感受器：组织解剖学上仅存在于视网膜神经层（marker 身份锚 RHO/NRL/NR2E3），角膜/limbus/巩膜/结膜无此细胞层，该条 scope=retina_only：眼表面材料证据装配不计入其 kb_marker_ranking（对命中来源不作穷尽断言）	跨文件重复条目 3 份 (markers_v4.1_clean.json|markers_v5_retina_interneuron.json|markers_v6_retina_repair.json)，本表逐条目独立登记；生物学 scope 同源一致，处置=整组同退（无保留份）	排除依据=条目生物学分型（REVIEWER_LLM §2 R1 改法落地：文件仅为实现索引，不单独充当生物学依据）
Cone	Cone	markers_v4.1_clean.json	markers_v4.1_clean.json|markers_v5_retina_interneuron.json|markers_v6_retina_repair.json	retina_only → 眼表面(ocular_surface)证据装配不计入 kb_marker_ranking	同 Rod（视锥光感受器，仅视网膜外神经层）	跨文件重复条目 3 份 (markers_v4.1_clean.json|markers_v5_retina_interneuron.json|markers_v6_retina_repair.json)，本表逐条目独立登记；生物学 scope 同源一致，处置=整组同退（无保留份）	排除依据=条目生物学分型（REVIEWER_LLM §2 R1 改法落地：文件仅为实现索引，不单独充当生物学依据）
BC	BC	markers_v4.1_clean.json	markers_v4.1_clean.json|markers_v5_retina_interneuron.json|markers_v6_retina_repair.json	retina_only → 眼表面(ocular_surface)证据装配不计入 kb_marker_ranking	双极细胞：视网膜内神经元，仅存在于视网膜内神经层，眼表面组织无该层	跨文件重复条目 3 份 (markers_v4.1_clean.json|markers_v5_retina_interneuron.json|markers_v6_retina_repair.json)，本表逐条目独立登记；生物学 scope 同源一致，处置=整组同退（无保留份）	排除依据=条目生物学分型（REVIEWER_LLM §2 R1 改法落地：文件仅为实现索引，不单独充当生物学依据）
AC	AC	markers_v4.1_clean.json	markers_v4.1_clean.json|markers_v5_retina_interneuron.json|markers_v6_retina_repair.json	retina_only → 眼表面(ocular_surface)证据装配不计入 kb_marker_ranking	无长突细胞：视网膜内神经元，同上	跨文件重复条目 3 份 (markers_v4.1_clean.json|markers_v5_retina_interneuron.json|markers_v6_retina_repair.json)，本表逐条目独立登记；生物学 scope 同源一致，处置=整组同退（无保留份）	排除依据=条目生物学分型（REVIEWER_LLM §2 R1 改法落地：文件仅为实现索引，不单独充当生物学依据）
HC	HC	markers_v4.1_clean.json	markers_v4.1_clean.json|markers_v5_retina_interneuron.json|markers_v6_retina_repair.json	retina_only → 眼表面(ocular_surface)证据装配不计入 kb_marker_ranking	水平细胞：视网膜内神经元，同上	跨文件重复条目 3 份 (markers_v4.1_clean.json|markers_v5_retina_interneuron.json|markers_v6_retina_repair.json)，本表逐条目独立登记；生物学 scope 同源一致，处置=整组同退（无保留份）	排除依据=条目生物学分型（REVIEWER_LLM §2 R1 改法落地：文件仅为实现索引，不单独充当生物学依据）
RGC	RGC	markers_v4.1_clean.json	markers_v4.1_clean.json|markers_v5_retina_interneuron.json|markers_v6_retina_repair.json	retina_only → 眼表面(ocular_surface)证据装配不计入 kb_marker_ranking	神经节细胞：视网膜输出神经元，胞体位于视网膜神经节细胞层（眼球后极），角膜/limbus/巩膜/结膜 portal 取材范围不含该层	跨文件重复条目 3 份 (markers_v4.1_clean.json|markers_v5_retina_interneuron.json|markers_v6_retina_repair.json)，本表逐条目独立登记；生物学 scope 同源一致，处置=整组同退（无保留份）	排除依据=条目生物学分型（REVIEWER_LLM §2 R1 改法落地：文件仅为实现索引，不单独充当生物学依据）
MG	MG	markers_v4.1_clean.json	markers_v4.1_clean.json|markers_v5_retina_interneuron.json|markers_v6_retina_repair.json	retina_only → 眼表面(ocular_surface)证据装配不计入 kb_marker_ranking	细胞身份=Müller 胶质（v4.1 基因锚 RLBP1/GLUL/SOX9/S100B；冻结 crosswalk 别名注=Müller glia 视网膜特有）：视网膜专属巨胶质，眼表面组织无 Müller 细胞	跨文件重复条目 3 份 (markers_v4.1_clean.json|markers_v5_retina_interneuron.json|markers_v6_retina_repair.json)，本表逐条目独立登记；生物学 scope 同源一致，处置=整组同退（无保留份）	排除依据=条目生物学分型（REVIEWER_LLM §2 R1 改法落地：文件仅为实现索引，不单独充当生物学依据）
Astro	Astro	markers_v4.1_clean.json	markers_v4.1_clean.json|markers_v5_retina_interneuron.json|markers_v6_retina_repair.json	retina_only → 眼表面(ocular_surface)证据装配不计入 kb_marker_ranking	细胞身份=星形胶质（v4.1 基因锚 GFAP/AQP4/SLC1A3；冻结 crosswalk 别名注=astrocyte 视网膜/中枢）：视网膜内星形胶质，与眼表面组织学细胞群不同实体；RUN5 实证 Q6::13/22/16 被 MG|Astro 接管即此二类	跨文件重复条目 3 份 (markers_v4.1_clean.json|markers_v5_retina_interneuron.json|markers_v6_retina_repair.json)，本表逐条目独立登记；生物学 scope 同源一致，处置=整组同退（无保留份）	排除依据=条目生物学分型（REVIEWER_LLM §2 R1 改法落地：文件仅为实现索引，不单独充当生物学依据）
Micro	Micro	markers_v4.1_clean.json	markers_v4.1_clean.json|markers_v5_retina_interneuron.json|markers_v6_retina_repair.json	retina_only → 眼表面(ocular_surface)证据装配不计入 kb_marker_ranking	细胞身份=microglia（v4.1 基因锚 C1QB 等小胶质标志）：CNS 常驻巨噬谱系词条；眼表面髓系信号由 Macrophages/Monocytes 词条承载（其 kept 行为见遮蔽表），本条在眼表面装配中不计入排名	跨文件重复条目 3 份 (markers_v4.1_clean.json|markers_v5_retina_interneuron.json|markers_v6_retina_repair.json)，本表逐条目独立登记；生物学 scope 同源一致，处置=整组同退（无保留份）	排除依据=条目生物学分型（REVIEWER_LLM §2 R1 改法落地：文件仅为实现索引，不单独充当生物学依据）
RPE	RPE	markers_v4.1_clean.json	markers_v4.1_clean.json|markers_v5_retina_interneuron.json|markers_v6_retina_repair.json	retina_only → 眼表面(ocular_surface)证据装配不计入 kb_marker_ranking	视网膜色素上皮（基因锚 BEST1/RPE65 类/LRAT/RDH5/MITF）：单层色素上皮位于视网膜侧，与角膜/结膜上皮不同胚胎起源（神经外胚层诱导 vs 表面外胚层），组织解剖学上不在眼表面 portal 取材层	跨文件重复条目 3 份 (markers_v4.1_clean.json|markers_v5_retina_interneuron.json|markers_v6_retina_repair.json)，本表逐条目独立登记；生物学 scope 同源一致，处置=整组同退（无保留份）	排除依据=条目生物学分型（REVIEWER_LLM §2 R1 改法落地：文件仅为实现索引，不单独充当生物学依据）
retina_interneuron::Rod	Rod	markers_v5_retina_interneuron.json	markers_v4.1_clean.json|markers_v5_retina_interneuron.json|markers_v6_retina_repair.json	retina_only → 眼表面(ocular_surface)证据装配不计入 kb_marker_ranking	视杆光感受器：组织解剖学上仅存在于视网膜神经层（marker 身份锚 RHO/NRL/NR2E3），角膜/limbus/巩膜/结膜无此细胞层，该条 scope=retina_only：眼表面材料证据装配不计入其 kb_marker_ranking（对命中来源不作穷尽断言）	跨文件重复条目 3 份 (markers_v4.1_clean.json|markers_v5_retina_interneuron.json|markers_v6_retina_repair.json)，本表逐条目独立登记；生物学 scope 同源一致，处置=整组同退（无保留份）	排除依据=条目生物学分型（REVIEWER_LLM §2 R1 改法落地：文件仅为实现索引，不单独充当生物学依据）
retina_interneuron::Cone	Cone	markers_v5_retina_interneuron.json	markers_v4.1_clean.json|markers_v5_retina_interneuron.json|markers_v6_retina_repair.json	retina_only → 眼表面(ocular_surface)证据装配不计入 kb_marker_ranking	同 Rod（视锥光感受器，仅视网膜外神经层）	跨文件重复条目 3 份 (markers_v4.1_clean.json|markers_v5_retina_interneuron.json|markers_v6_retina_repair.json)，本表逐条目独立登记；生物学 scope 同源一致，处置=整组同退（无保留份）	排除依据=条目生物学分型（REVIEWER_LLM §2 R1 改法落地：文件仅为实现索引，不单独充当生物学依据）
retina_interneuron::BC	BC	markers_v5_retina_interneuron.json	markers_v4.1_clean.json|markers_v5_retina_interneuron.json|markers_v6_retina_repair.json	retina_only → 眼表面(ocular_surface)证据装配不计入 kb_marker_ranking	双极细胞：视网膜内神经元，仅存在于视网膜内神经层，眼表面组织无该层	跨文件重复条目 3 份 (markers_v4.1_clean.json|markers_v5_retina_interneuron.json|markers_v6_retina_repair.json)，本表逐条目独立登记；生物学 scope 同源一致，处置=整组同退（无保留份）	排除依据=条目生物学分型（REVIEWER_LLM §2 R1 改法落地：文件仅为实现索引，不单独充当生物学依据）
retina_interneuron::AC	AC	markers_v5_retina_interneuron.json	markers_v4.1_clean.json|markers_v5_retina_interneuron.json|markers_v6_retina_repair.json	retina_only → 眼表面(ocular_surface)证据装配不计入 kb_marker_ranking	无长突细胞：视网膜内神经元，同上	跨文件重复条目 3 份 (markers_v4.1_clean.json|markers_v5_retina_interneuron.json|markers_v6_retina_repair.json)，本表逐条目独立登记；生物学 scope 同源一致，处置=整组同退（无保留份）	排除依据=条目生物学分型（REVIEWER_LLM §2 R1 改法落地：文件仅为实现索引，不单独充当生物学依据）
retina_interneuron::HC	HC	markers_v5_retina_interneuron.json	markers_v4.1_clean.json|markers_v5_retina_interneuron.json|markers_v6_retina_repair.json	retina_only → 眼表面(ocular_surface)证据装配不计入 kb_marker_ranking	水平细胞：视网膜内神经元，同上	跨文件重复条目 3 份 (markers_v4.1_clean.json|markers_v5_retina_interneuron.json|markers_v6_retina_repair.json)，本表逐条目独立登记；生物学 scope 同源一致，处置=整组同退（无保留份）	排除依据=条目生物学分型（REVIEWER_LLM §2 R1 改法落地：文件仅为实现索引，不单独充当生物学依据）
retina_interneuron::RGC	RGC	markers_v5_retina_interneuron.json	markers_v4.1_clean.json|markers_v5_retina_interneuron.json|markers_v6_retina_repair.json	retina_only → 眼表面(ocular_surface)证据装配不计入 kb_marker_ranking	神经节细胞：视网膜输出神经元，胞体位于视网膜神经节细胞层（眼球后极），角膜/limbus/巩膜/结膜 portal 取材范围不含该层	跨文件重复条目 3 份 (markers_v4.1_clean.json|markers_v5_retina_interneuron.json|markers_v6_retina_repair.json)，本表逐条目独立登记；生物学 scope 同源一致，处置=整组同退（无保留份）	排除依据=条目生物学分型（REVIEWER_LLM §2 R1 改法落地：文件仅为实现索引，不单独充当生物学依据）
retina_interneuron::MG	MG	markers_v5_retina_interneuron.json	markers_v4.1_clean.json|markers_v5_retina_interneuron.json|markers_v6_retina_repair.json	retina_only → 眼表面(ocular_surface)证据装配不计入 kb_marker_ranking	细胞身份=Müller 胶质（v4.1 基因锚 RLBP1/GLUL/SOX9/S100B；冻结 crosswalk 别名注=Müller glia 视网膜特有）：视网膜专属巨胶质，眼表面组织无 Müller 细胞	跨文件重复条目 3 份 (markers_v4.1_clean.json|markers_v5_retina_interneuron.json|markers_v6_retina_repair.json)，本表逐条目独立登记；生物学 scope 同源一致，处置=整组同退（无保留份）	排除依据=条目生物学分型（REVIEWER_LLM §2 R1 改法落地：文件仅为实现索引，不单独充当生物学依据）
retina_interneuron::Astro	Astro	markers_v5_retina_interneuron.json	markers_v4.1_clean.json|markers_v5_retina_interneuron.json|markers_v6_retina_repair.json	retina_only → 眼表面(ocular_surface)证据装配不计入 kb_marker_ranking	细胞身份=星形胶质（v4.1 基因锚 GFAP/AQP4/SLC1A3；冻结 crosswalk 别名注=astrocyte 视网膜/中枢）：视网膜内星形胶质，与眼表面组织学细胞群不同实体；RUN5 实证 Q6::13/22/16 被 MG|Astro 接管即此二类	跨文件重复条目 3 份 (markers_v4.1_clean.json|markers_v5_retina_interneuron.json|markers_v6_retina_repair.json)，本表逐条目独立登记；生物学 scope 同源一致，处置=整组同退（无保留份）	排除依据=条目生物学分型（REVIEWER_LLM §2 R1 改法落地：文件仅为实现索引，不单独充当生物学依据）
retina_interneuron::Micro	Micro	markers_v5_retina_interneuron.json	markers_v4.1_clean.json|markers_v5_retina_interneuron.json|markers_v6_retina_repair.json	retina_only → 眼表面(ocular_surface)证据装配不计入 kb_marker_ranking	细胞身份=microglia（v4.1 基因锚 C1QB 等小胶质标志）：CNS 常驻巨噬谱系词条；眼表面髓系信号由 Macrophages/Monocytes 词条承载（其 kept 行为见遮蔽表），本条在眼表面装配中不计入排名	跨文件重复条目 3 份 (markers_v4.1_clean.json|markers_v5_retina_interneuron.json|markers_v6_retina_repair.json)，本表逐条目独立登记；生物学 scope 同源一致，处置=整组同退（无保留份）	排除依据=条目生物学分型（REVIEWER_LLM §2 R1 改法落地：文件仅为实现索引，不单独充当生物学依据）
retina_interneuron::RPE	RPE	markers_v5_retina_interneuron.json	markers_v4.1_clean.json|markers_v5_retina_interneuron.json|markers_v6_retina_repair.json	retina_only → 眼表面(ocular_surface)证据装配不计入 kb_marker_ranking	视网膜色素上皮（基因锚 BEST1/RPE65 类/LRAT/RDH5/MITF）：单层色素上皮位于视网膜侧，与角膜/结膜上皮不同胚胎起源（神经外胚层诱导 vs 表面外胚层），组织解剖学上不在眼表面 portal 取材层	跨文件重复条目 3 份 (markers_v4.1_clean.json|markers_v5_retina_interneuron.json|markers_v6_retina_repair.json)，本表逐条目独立登记；生物学 scope 同源一致，处置=整组同退（无保留份）	排除依据=条目生物学分型（REVIEWER_LLM §2 R1 改法落地：文件仅为实现索引，不单独充当生物学依据）
retina_v6::Rod	Rod	markers_v6_retina_repair.json	markers_v4.1_clean.json|markers_v5_retina_interneuron.json|markers_v6_retina_repair.json	retina_only → 眼表面(ocular_surface)证据装配不计入 kb_marker_ranking	视杆光感受器：组织解剖学上仅存在于视网膜神经层（marker 身份锚 RHO/NRL/NR2E3），角膜/limbus/巩膜/结膜无此细胞层，该条 scope=retina_only：眼表面材料证据装配不计入其 kb_marker_ranking（对命中来源不作穷尽断言）	跨文件重复条目 3 份 (markers_v4.1_clean.json|markers_v5_retina_interneuron.json|markers_v6_retina_repair.json)，本表逐条目独立登记；生物学 scope 同源一致，处置=整组同退（无保留份）	排除依据=条目生物学分型（REVIEWER_LLM §2 R1 改法落地：文件仅为实现索引，不单独充当生物学依据）
retina_v6::Cone	Cone	markers_v6_retina_repair.json	markers_v4.1_clean.json|markers_v5_retina_interneuron.json|markers_v6_retina_repair.json	retina_only → 眼表面(ocular_surface)证据装配不计入 kb_marker_ranking	同 Rod（视锥光感受器，仅视网膜外神经层）	跨文件重复条目 3 份 (markers_v4.1_clean.json|markers_v5_retina_interneuron.json|markers_v6_retina_repair.json)，本表逐条目独立登记；生物学 scope 同源一致，处置=整组同退（无保留份）	排除依据=条目生物学分型（REVIEWER_LLM §2 R1 改法落地：文件仅为实现索引，不单独充当生物学依据）
retina_v6::BC	BC	markers_v6_retina_repair.json	markers_v4.1_clean.json|markers_v5_retina_interneuron.json|markers_v6_retina_repair.json	retina_only → 眼表面(ocular_surface)证据装配不计入 kb_marker_ranking	双极细胞：视网膜内神经元，仅存在于视网膜内神经层，眼表面组织无该层	跨文件重复条目 3 份 (markers_v4.1_clean.json|markers_v5_retina_interneuron.json|markers_v6_retina_repair.json)，本表逐条目独立登记；生物学 scope 同源一致，处置=整组同退（无保留份）	排除依据=条目生物学分型（REVIEWER_LLM §2 R1 改法落地：文件仅为实现索引，不单独充当生物学依据）
retina_v6::AC	AC	markers_v6_retina_repair.json	markers_v4.1_clean.json|markers_v5_retina_interneuron.json|markers_v6_retina_repair.json	retina_only → 眼表面(ocular_surface)证据装配不计入 kb_marker_ranking	无长突细胞：视网膜内神经元，同上	跨文件重复条目 3 份 (markers_v4.1_clean.json|markers_v5_retina_interneuron.json|markers_v6_retina_repair.json)，本表逐条目独立登记；生物学 scope 同源一致，处置=整组同退（无保留份）	排除依据=条目生物学分型（REVIEWER_LLM §2 R1 改法落地：文件仅为实现索引，不单独充当生物学依据）
retina_v6::HC	HC	markers_v6_retina_repair.json	markers_v4.1_clean.json|markers_v5_retina_interneuron.json|markers_v6_retina_repair.json	retina_only → 眼表面(ocular_surface)证据装配不计入 kb_marker_ranking	水平细胞：视网膜内神经元，同上	跨文件重复条目 3 份 (markers_v4.1_clean.json|markers_v5_retina_interneuron.json|markers_v6_retina_repair.json)，本表逐条目独立登记；生物学 scope 同源一致，处置=整组同退（无保留份）	排除依据=条目生物学分型（REVIEWER_LLM §2 R1 改法落地：文件仅为实现索引，不单独充当生物学依据）
retina_v6::RGC	RGC	markers_v6_retina_repair.json	markers_v4.1_clean.json|markers_v5_retina_interneuron.json|markers_v6_retina_repair.json	retina_only → 眼表面(ocular_surface)证据装配不计入 kb_marker_ranking	神经节细胞：视网膜输出神经元，胞体位于视网膜神经节细胞层（眼球后极），角膜/limbus/巩膜/结膜 portal 取材范围不含该层	跨文件重复条目 3 份 (markers_v4.1_clean.json|markers_v5_retina_interneuron.json|markers_v6_retina_repair.json)，本表逐条目独立登记；生物学 scope 同源一致，处置=整组同退（无保留份）	排除依据=条目生物学分型（REVIEWER_LLM §2 R1 改法落地：文件仅为实现索引，不单独充当生物学依据）
retina_v6::MG	MG	markers_v6_retina_repair.json	markers_v4.1_clean.json|markers_v5_retina_interneuron.json|markers_v6_retina_repair.json	retina_only → 眼表面(ocular_surface)证据装配不计入 kb_marker_ranking	细胞身份=Müller 胶质（v4.1 基因锚 RLBP1/GLUL/SOX9/S100B；冻结 crosswalk 别名注=Müller glia 视网膜特有）：视网膜专属巨胶质，眼表面组织无 Müller 细胞	跨文件重复条目 3 份 (markers_v4.1_clean.json|markers_v5_retina_interneuron.json|markers_v6_retina_repair.json)，本表逐条目独立登记；生物学 scope 同源一致，处置=整组同退（无保留份）	排除依据=条目生物学分型（REVIEWER_LLM §2 R1 改法落地：文件仅为实现索引，不单独充当生物学依据）
retina_v6::Astro	Astro	markers_v6_retina_repair.json	markers_v4.1_clean.json|markers_v5_retina_interneuron.json|markers_v6_retina_repair.json	retina_only → 眼表面(ocular_surface)证据装配不计入 kb_marker_ranking	细胞身份=星形胶质（v4.1 基因锚 GFAP/AQP4/SLC1A3；冻结 crosswalk 别名注=astrocyte 视网膜/中枢）：视网膜内星形胶质，与眼表面组织学细胞群不同实体；RUN5 实证 Q6::13/22/16 被 MG|Astro 接管即此二类	跨文件重复条目 3 份 (markers_v4.1_clean.json|markers_v5_retina_interneuron.json|markers_v6_retina_repair.json)，本表逐条目独立登记；生物学 scope 同源一致，处置=整组同退（无保留份）	排除依据=条目生物学分型（REVIEWER_LLM §2 R1 改法落地：文件仅为实现索引，不单独充当生物学依据）
retina_v6::Micro	Micro	markers_v6_retina_repair.json	markers_v4.1_clean.json|markers_v5_retina_interneuron.json|markers_v6_retina_repair.json	retina_only → 眼表面(ocular_surface)证据装配不计入 kb_marker_ranking	细胞身份=microglia（v4.1 基因锚 C1QB 等小胶质标志）：CNS 常驻巨噬谱系词条；眼表面髓系信号由 Macrophages/Monocytes 词条承载（其 kept 行为见遮蔽表），本条在眼表面装配中不计入排名	跨文件重复条目 3 份 (markers_v4.1_clean.json|markers_v5_retina_interneuron.json|markers_v6_retina_repair.json)，本表逐条目独立登记；生物学 scope 同源一致，处置=整组同退（无保留份）	排除依据=条目生物学分型（REVIEWER_LLM §2 R1 改法落地：文件仅为实现索引，不单独充当生物学依据）
retina_v6::RPE	RPE	markers_v6_retina_repair.json	markers_v4.1_clean.json|markers_v5_retina_interneuron.json|markers_v6_retina_repair.json	retina_only → 眼表面(ocular_surface)证据装配不计入 kb_marker_ranking	视网膜色素上皮（基因锚 BEST1/RPE65 类/LRAT/RDH5/MITF）：单层色素上皮位于视网膜侧，与角膜/结膜上皮不同胚胎起源（神经外胚层诱导 vs 表面外胚层），组织解剖学上不在眼表面 portal 取材层	跨文件重复条目 3 份 (markers_v4.1_clean.json|markers_v5_retina_interneuron.json|markers_v6_retina_repair.json)，本表逐条目独立登记；生物学 scope 同源一致，处置=整组同退（无保留份）	排除依据=条目生物学分型（REVIEWER_LLM §2 R1 改法落地：文件仅为实现索引，不单独充当生物学依据）
Melanocyte (KB9 build)	Melanocyte	markers_k9_ocs_increment.json (build)	build only（未注册）	ocular_surface_only → 视网膜材料不计入（R1 镜像；火灾审计格二规则臂实证泄漏 0）	眼表黑色素细胞词条 marker（TRPM1 等）在视网膜双极/杆体语境有真表达（火灾审计无规则臂实测 2/22 簇泄漏），须适用性隔离	单文件条目	注册后禁全库默认态混用（BUILD_REPORT §4 口径）
Schwann (KB9 build)	Schwann	markers_k9_ocs_increment.json (build)	build only（未注册）	ocular_surface_only → 视网膜材料不计入	MPZ/SCN7A 等在有髓神经相关组织共享；视网膜节细胞轴突段（视神经头）语境存在误入风险	单文件条目	同上
Conj_epithelium_suprabasal (KB9 build)	Conj_epithelium_suprabasal	markers_k9_ocs_increment.json (build)	build only（未注册）	ocular_surface_only → 视网膜材料不计入	S100A8/9 髓系共享表达（见 recheck/判件），适用性隔离为前提	单文件条目	去留待 PI（A15 子项判件 register/SUPRABASAL_RECHECK.md）
Limbus_Sclera_fibroblast_C1 (KB9 build)	Limbus_Sclera_fibroblast_C1	markers_k9_ocs_increment.json (build)	build only（未注册）	ocular_surface_only → 视网膜材料不计入	DPT/LEPR/LAMA2 为眼表间质域；防泛间质回渗视网膜簇	单文件条目	同上
