cluster_id	member	n_cells	cand_canon	n	shared_genes	alias_rows	lit_n	lit_pmids	lit_n_raw	n_raw_of_row
Q1::12	Q1	810	BC	1	TRPM1	retina_interneuron::BC	2	34006945;40050124	2	
Q1::12	Q1	810	HC	0		HC	2	34006945;37156914	2	
Q1::10	Q1	730	Cone	0		Cone	2	34006945;40531615	2	
Q1::2	Q1	636	Astro	0		Astro	2	35212809;36277849	2	
Q1::2	Q1	636	MG	0		MG	2	34006945;40448612	2	
Q1::2	Q1	636	Mac_DAM_LAM	0		Mac_DAM_LAM	2	34006945;37156914	2	
Q1::11	Q1	549	Astro	0		Astro	2	35212809;36277849	2	
Q1::11	Q1	549	MG	0		MG	2	34006945;40448612	2	
Q1::11	Q1	549	Mac_DAM_LAM	0		Mac_DAM_LAM	2	34006945;37156914	2	
Q1::5	Q1	545	Astro	0		Astro	2	35212809;36277849	2	
Q1::5	Q1	545	Fibroblast	0		Fibroblast	2	35269428;36231108	2	
Q1::5	Q1	545	MG	0		MG	2	34006945;40448612	2	
Q1::7	Q1	391	Astro	0		Astro	2	35212809;36277849	2	
Q1::7	Q1	391	Fibroblast	0		Fibroblast	2	35269428;36231108	2	
Q1::7	Q1	391	MG	0		MG	2	34006945;40448612	2	
Q1::15	Q1	347	BC	2	GRM6;TRPM1	retina_interneuron::BC	2	34006945;40050124	2	
Q1::17	Q1	138	APC_MHCII_high	0		APC_MHCII_high	2	35615708;37272764	2	
Q1::17	Q1	138	Mac_Tissue	0		Mac_Tissue	2	34006945;34341398	2	
Q1::17	Q1	138	Micro	0		Micro	2	34006945;35212809	2	
Q1::16	Q1	105	RGC	1	UCHL1	retina_v6::RGC	2	34946963;37880369	2	
Q2::8	Q2	13606	Rod	0		Rod	2	34006945;36261438	2	
Q2::7	Q2	8935	Rod	0		Rod	2	34006945;36261438	2	
Q2::2	Q2	7397	Astro	0		Astro	2	35212809;36277849	2	
Q2::2	Q2	7397	Fibroblast	0		Fibroblast	2	35269428;36231108	2	
Q2::2	Q2	7397	MG	0		MG	2	34006945;40448612	2	
Q2::3	Q2	7197	Fibroblast	0		Fibroblast	2	35269428;36231108	2	
Q2::3	Q2	7197	MG	0		MG	2	34006945;40448612	2	
Q2::3	Q2	7197	Mac_DAM_LAM	0		Mac_DAM_LAM	2	34006945;37156914	2	
Q2::0	Q2	5880	Astro	0		Astro	2	35212809;36277849	2	
Q2::0	Q2	5880	MG	0		MG	2	34006945;40448612	2	
Q2::0	Q2	5880	Mac_DAM_LAM	0		Mac_DAM_LAM	2	34006945;37156914	2	
Q2::9	Q2	5783	BC	1	TRPM1	retina_interneuron::BC	0		0	
Q2::6	Q2	5200	Rod	0		Rod	2	34006945;36261438	2	
Q2::11	Q2	5135	BC	1	GRIK1	retina_interneuron::BC	0		0	
Q2::13	Q2	4494	BC	1	GRIK1	retina_interneuron::BC	0		0	
Q2::1	Q2	3372	Astro	0		Astro	2	35212809;36277849	2	
Q2::1	Q2	3372	Fibroblast	0		Fibroblast	2	35269428;36231108	2	
Q2::1	Q2	3372	MG	0		MG	2	34006945;40448612	2	
Q2::14	Q2	2289	RPE	0		RPE	2	34977041;38528525	2	
Q2::27	Q2	1826	Cone	0		Cone	2	34006945;40531615	2	
Q2::27	Q2	1826	RPE	0		RPE	2	34977041;38528525	2	
Q2::23	Q2	1690	APC_MHCII_high	0		APC_MHCII_high	2	35615708;37272764	2	
Q2::23	Q2	1690	Mac_Tissue	0		Mac_Tissue	1	34006945	2	
Q2::23	Q2	1690	Micro	0		Micro	2	34006945;35212809	2	
Q2::4	Q2	1576	Astro	0		Astro	2	35212809;36277849	2	
Q2::4	Q2	1576	MG	0		MG	2	34006945;40448612	2	
Q2::4	Q2	1576	Mac_DAM_LAM	0		Mac_DAM_LAM	2	34006945;37156914	2	
Q2::5	Q2	889	Endo_Patho	0		Endo_Patho	2	34006945;35212809	2	
Q2::5	Q2	889	Pericyte	0		Pericyte	2	34006945;41230906	2	
Q2::5	Q2	889	SMC	0		SMC	2	34006945;37156914	2	
Q2::22	Q2	728	Astro	0		Astro	2	35212809;36277849	2	
Q2::22	Q2	728	Fibroblast	0		Fibroblast	2	35269428;36231108	2	
Q2::22	Q2	728	MG	0		MG	2	34006945;40448612	2	
Q2::18	Q2	669	Rod	0		Rod	2	34006945;36261438	2	
Q2::21	Q2	584	RGC	1	UCHL1	retina_v6::RGC	2	34946963;37880369	2	
Q2::24	Q2	412	Endo	0		Endo	2	34381080;42194275	2	
Q2::24	Q2	412	Pericyte	0		Pericyte	2	34006945;41230906	2	
Q2::26	Q2	120	Cone	0		Cone	2	34006945;40531615	2	
Q3::0	Q3	6214	Rod	0		Rod	2	34006945;36261438	2	
Q3::7	Q3	3028	Astro	0		Astro	2	35212809;36277849	2	
Q3::7	Q3	3028	Fibroblast	0		Fibroblast	2	35269428;36231108	2	
Q3::7	Q3	3028	MG	0		MG	2	34006945;40448612	2	
Q3::13	Q3	1637	RGC	1	UCHL1	retina_v6::RGC	2	34946963;37880369	2	
Q3::13	Q3	1637	Mac_DAM_LAM	0		Mac_DAM_LAM	2	34006945;37156914	2	
Q3::13	Q3	1637	Rod	0		Rod	2	34006945;36261438	2	
Q3::15	Q3	1448	Cone	0		Cone	2	34006945;40531615	2	
Q3::15	Q3	1448	Rod	0		Rod	2	34006945;36261438	2	
Q3::4	Q3	1338	BC	2	TRPM1;GRM6	retina_interneuron::BC	2	34006945;40050124	2	
Q3::5	Q3	1061	BC	1	GRIK1	retina_interneuron::BC	0		0	
Q3::8	Q3	918	Astro	0		Astro	2	35212809;36277849	2	
Q3::8	Q3	918	MG	0		MG	2	34006945;40448612	2	
Q3::8	Q3	918	Mac_DAM_LAM	0		Mac_DAM_LAM	2	34006945;37156914	2	
Q3::2	Q3	769	Rod	0		Rod	2	34006945;36261438	2	
Q3::6	Q3	744	Astro	0		Astro	2	35212809;36277849	2	
Q3::6	Q3	744	Fibroblast	0		Fibroblast	2	35269428;36231108	2	
Q3::6	Q3	744	MG	0		MG	2	34006945;40448612	2	
Q3::9	Q3	639	BC	1	TRPM1	retina_interneuron::BC	0		0	
Q3::1	Q3	615	Rod	0		Rod	2	34006945;36261438	2	
Q3::10	Q3	608	MG	0		MG	2	34006945;40448612	2	
Q3::10	Q3	608	Mac_DAM_LAM	0		Mac_DAM_LAM	2	34006945;37156914	2	
Q3::11	Q3	241	HC	1	ONECUT1	retina_interneuron::HC	2	34006945;37156914	2	
Q3::11	Q3	241	AC	0		AC	2	34006945;35615708	2	
Q3::12	Q3	209	Cone	0		Cone	2	34006945;40531615	2	
Q3::14	Q3	114	APC_MHCII_high	0		APC_MHCII_high	2	35615708;37272764	2	
Q4::16	Q4	6316	RGC	1	UCHL1	retina_v6::RGC	2	34946963;37880369	2	
Q4::24	Q4	5711	BC	1	TRPM1	retina_interneuron::BC	0		0	
Q4::36	Q4	5430	Astro	0		Astro	2	35212809;36277849	2	
Q4::36	Q4	5430	Fibroblast	0		Fibroblast	2	35269428;36231108	2	
Q4::36	Q4	5430	MG	0		MG	2	34006945;40448612	2	
Q4::0	Q4	5330	AC	0		AC	2	34006945;35615708	2	
Q4::0	Q4	5330	HC	0		HC	2	34006945;37156914	2	
Q4::14	Q4	4250	BC	1	GRIK1	retina_interneuron::BC	0		0	
Q4::18	Q4	4192	Rod	0		Rod	2	34006945;36261438	2	
Q4::35	Q4	3792	Astro	0		Astro	2	35212809;36277849	2	
Q4::35	Q4	3792	Fibroblast	0		Fibroblast	2	35269428;36231108	2	
Q4::35	Q4	3792	MG	0		MG	2	34006945;40448612	2	
Q4::6	Q4	3667	AC	0		AC	2	34006945;35615708	2	
Q4::23	Q4	3150	BC	1	GRM6	retina_interneuron::BC	2	34006945;40050124	2	
Q4::23	Q4	3150	RPE	0		RPE	2	34977041;38528525	2	
Q4::30	Q4	3128	Astro	0		Astro	2	35212809;36277849	2	
Q4::30	Q4	3128	MG	0		MG	2	34006945;40448612	2	
Q4::30	Q4	3128	Mac_DAM_LAM	0		Mac_DAM_LAM	2	34006945;37156914	2	
Q4::8	Q4	2867	HC	1	ONECUT1	retina_interneuron::HC	2	34006945;37156914	2	
Q4::8	Q4	2867	AC	0		AC	2	34006945;35615708	2	
Q4::27	Q4	2850	BC	0		BC	2	34006945;40050124	2	
Q4::27	Q4	2850	HC	0		HC	2	34006945;37156914	2	
Q4::38	Q4	2763	Cone	0		Cone	2	34006945;40531615	2	
Q4::21	Q4	2393	Astro	0		Astro	2	35212809;36277849	2	
Q4::21	Q4	2393	MG	0		MG	2	34006945;40448612	2	
Q4::21	Q4	2393	Mac_DAM_LAM	0		Mac_DAM_LAM	2	34006945;37156914	2	
Q4::9	Q4	2288	BC	1	GRIK1	retina_interneuron::BC	0		0	
Q4::39	Q4	2106	Rod	0		Rod	2	34006945;36261438	2	
Q4::20	Q4	1916	Astro	0		Astro	2	35212809;36277849	2	
Q4::20	Q4	1916	MG	0		MG	2	34006945;40448612	2	
Q4::20	Q4	1916	Mac_DAM_LAM	0		Mac_DAM_LAM	2	34006945;37156914	2	
Q4::4	Q4	1710	AC	0		AC	2	34006945;35615708	2	
Q4::4	Q4	1710	HC	0		HC	2	34006945;37156914	2	
Q4::10	Q4	1659	RGC	1	UCHL1	retina_v6::RGC	2	34946963;37880369	2	
Q4::11	Q4	1409	RGC	1	UCHL1	retina_v6::RGC	2	34946963;37880369	2	
Q4::3	Q4	1368	AC	0		AC	2	34006945;35615708	2	
Q4::32	Q4	1286	Astro	0		Astro	2	35212809;36277849	2	
Q4::32	Q4	1286	MG	0		MG	2	34006945;40448612	2	
Q4::32	Q4	1286	Mac_DAM_LAM	0		Mac_DAM_LAM	2	34006945;37156914	2	
Q4::31	Q4	1149	Astro	0		Astro	2	35212809;36277849	2	
Q4::31	Q4	1149	MG	0		MG	2	34006945;40448612	2	
Q4::26	Q4	1112	BC	1	TRPM1	retina_interneuron::BC	0		0	
Q4::7	Q4	1103	RGC	1	UCHL1	retina_v6::RGC	2	34946963;37880369	2	
Q4::13	Q4	1082	Astro	0		Astro	2	35212809;36277849	2	
Q4::13	Q4	1082	Endo_Patho	0		Endo_Patho	2	34006945;35212809	2	
Q4::13	Q4	1082	MG	0		MG	2	34006945;40448612	2	
Q4::37	Q4	887	Fibroblast	0		Fibroblast	2	35269428;36231108	2	
Q4::37	Q4	887	MG	0		MG	2	34006945;40448612	2	
Q4::37	Q4	887	Mac_DAM_LAM	0		Mac_DAM_LAM	2	34006945;37156914	2	
Q4::33	Q4	658	APC_MHCII_high	0		APC_MHCII_high	2	35615708;37272764	2	
Q4::33	Q4	658	Mac_DAM_LAM	0		Mac_DAM_LAM	2	34006945;37156914	2	
Q4::33	Q4	658	Micro	0		Micro	2	34006945;35212809	2	
Q4::5	Q4	617	AC	0		AC	2	34006945;35615708	2	
Q4::5	Q4	617	HC	0		HC	2	34006945;37156914	2	
Q4::29	Q4	545	BC	2	TRPM1;GRM6	retina_interneuron::BC	2	34006945;40050124	2	
Q4::17	Q4	509	RGC	1	UCHL1	retina_v6::RGC	2	34946963;37880369	2	
Q4::12	Q4	428	RGC	0		RGC	2	34946963;37880369	2	
Q4::34	Q4	404	Pericyte	0		Pericyte	2	34006945;41230906	2	
Q4::34	Q4	404	SMC	0		SMC	2	34006945;37156914	2	
Q5b::3	Q5b	4501	Rod	0		Rod	2	34006945;36261438	2	
Q5b::7	Q5b	3337	Rod	0		Rod	2	34006945;36261438	2	
Q5b::1	Q5b	3324	Rod	0		Rod	2	34006945;36261438	2	
Q5b::6	Q5b	2970	Rod	0		Rod	2	34006945;36261438	2	
Q5b::0	Q5b	2705	Rod	0		Rod	2	34006945;36261438	2	
Q5b::24	Q5b	2439	Rod	0		Rod	2	34006945;36261438	2	
Q5b::4	Q5b	2438	Rod	0		Rod	2	34006945;36261438	2	
Q5b::46	Q5b	2067	Astro	0		Astro	2	35212809;36277849	2	
Q5b::46	Q5b	2067	MG	0		MG	2	34006945;40448612	2	
Q5b::46	Q5b	2067	Mac_DAM_LAM	0		Mac_DAM_LAM	2	34006945;37156914	2	
Q5b::18	Q5b	2031	Cone	0		Cone	2	34006945;40531615	2	
Q5b::17	Q5b	1892	BC	2	PRKCA;GRM6	retina_interneuron::BC	2	34006945;40050124	2	
Q5b::5	Q5b	1499	MG	0		MG	2	34006945;40448612	2	
Q5b::8	Q5b	1174	Rod	0		Rod	2	34006945;36261438	2	
Q5b::21	Q5b	930	BC	1	GRM6	retina_interneuron::BC	2	34006945;40050124	2	
Q5b::26	Q5b	835	Cone	0		Cone	2	34006945;40531615	2	
Q5b::11	Q5b	734	BC	1	GRM6	retina_interneuron::BC	2	34006945;40050124	2	
Q5b::2	Q5b	650	Rod	0		Rod	2	34006945;36261438	2	
Q5b::9	Q5b	607	Rod	0		Rod	2	34006945;36261438	2	
Q5b::29	Q5b	203	BC	1	GRM6	retina_interneuron::BC	2	34006945;40050124	2	
Q5b::40	Q5b	202	AC	0		AC	2	34006945;35615708	2	
Q5b::40	Q5b	202	HC	0		HC	2	34006945;37156914	2	
Q5b::39	Q5b	132	Astro	0		Astro	2	35212809;36277849	2	
Q6::13	Q6	7357	Keratocytes	1	NNMT	Keratocytes	0		0	
Q6::13	Q6	7357	Astro	0		Astro	2	41856199;41892278	2	
Q6::13	Q6	7357	MG	0		MG	2	37443842;40448612	2	
Q6::13	Q6	7357	Pericyte	0		Pericyte	2	40449651;41230906	2	
Q6::15	Q6	7128	Keratocytes	3	ALDH3A1;KERA;NNMT	Keratocytes;face_v6::Keratocytes	2	34381080;37443842	2	
Q6::15	Q6	7128	Astro	0		Astro	2	41856199;41892278	2	
Q6::15	Q6	7128	MG	0		MG	2	37443842;40448612	2	
Q6::24	Q6	6565	MG	0		MG	2	37443842;40448612	2	
Q6::24	Q6	6565	Myofibroblast	0		Myofibroblast	2	38177186;40402520	2	
Q6::24	Q6	6565	SMC	0		SMC	2	37389178;37443842	2	
Q6::6	Q6	6385	Keratocytes	1	ALDH3A1	Keratocytes	2	34381080;37443842	2	
Q6::6	Q6	6385	Mac_DAM_LAM	0		Mac_DAM_LAM	2	37443842;39422453	2	
Q6::11	Q6	5140	APC_MHCII_high	0		APC_MHCII_high	2	35615708;37443842	2	
Q6::11	Q6	5140	Endo	0		Endo	2	34381080;36712326	2	
Q6::11	Q6	5140	pDC	0		pDC	2	37443842;39422453	2	
Q6::21	Q6	4897	Keratocytes	1	KERA	Keratocytes;face_v6::Keratocytes	2	34381080;37443842	2	
Q6::20	Q6	4542	Keratocytes	1	ALDH3A1	Keratocytes	2	34381080;37443842	2	
Q6::4	Q6	4276	Conj_epithelium_basal	1	KRT19	Conj_epithelium_basal	0		0	
Q6::2	Q6	3499	Conj_epithelium_basal	3	KRT13;KRT19;AQP5	Conj_epithelium_basal	0		0	
Q6::2	Q6	3499	Mono_Classical	0		Mono_Classical	2	37443842;39422453	2	
Q6::19	Q6	2707	Fibroblast	0		Fibroblast	2	40402520;40576432	2	
Q6::19	Q6	2707	Myofibroblast	0		Myofibroblast	2	38177186;40402520	2	
Q6::19	Q6	2707	Pericyte	0		Pericyte	2	40449651;41230906	2	
Q6::5	Q6	2219	Conj_epithelium_basal	1	KRT19	Conj_epithelium_basal	0		0	
Q6::14	Q6	1931	Keratocytes	1	NNMT	Keratocytes	2	34381080;37443842	2	
Q6::18	Q6	1672	Pericyte	0		Pericyte	2	40449651;41230906	2	
Q6::3	Q6	1552	Conj_epithelium_basal	1	KRT13	Conj_epithelium_basal	0		0	
Q6::3	Q6	1552	Mono_Classical	0		Mono_Classical	2	37443842;39422453	2	
Q6::22	Q6	1521	Keratocytes	1	KERA	Keratocytes;face_v6::Keratocytes	0		0	
Q6::22	Q6	1521	Astro	0		Astro	2	41856199;41892278	2	
Q6::22	Q6	1521	MG	0		MG	2	37443842;40448612	2	
Q6::22	Q6	1521	Pericyte	0		Pericyte	2	40449651;41230906	2	
Q6::33	Q6	1339	Keratocytes	1	KERA	Keratocytes;face_v6::Keratocytes	0		0	
Q6::33	Q6	1339	Fibroblast	0		Fibroblast	2	40402520;40576432	2	
Q6::33	Q6	1339	Myofibroblast	0		Myofibroblast	2	38177186;40402520	2	
Q6::33	Q6	1339	Pericyte	0		Pericyte	2	40449651;41230906	2	
Q6::16	Q6	1293	Astro	0		Astro	2	41856199;41892278	2	
Q6::16	Q6	1293	MG	0		MG	2	37443842;40448612	2	
Q6::25	Q6	1285	BC	1	TRPM1	retina_interneuron::BC	0		0	
Q6::25	Q6	1285	Astro	0		Astro	2	41856199;41892278	2	
Q6::25	Q6	1285	MG	0		MG	2	37443842;40448612	2	
Q6::25	Q6	1285	RPE	0		RPE	2	34977041;40882639	2	
Q6::28	Q6	1283	Keratocytes	3	KERA;ALDH3A1;NNMT	Keratocytes;face_v6::Keratocytes	2	34381080;37443842	2	
Q6::31	Q6	1203	Pericyte	0		Pericyte	2	40449651;41230906	2	
Q6::17	Q6	982	Astro	0		Astro	2	41856199;41892278	2	
Q6::17	Q6	982	MG	0		MG	2	37443842;40448612	2	
Q6::8	Q6	972	T	0		T	2	37156914;40882639	2	
Q6::26	Q6	885	APC_MHCII_high	0		APC_MHCII_high	2	35615708;37443842	2	
Q6::26	Q6	885	Mac_DAM_LAM	0		Mac_DAM_LAM	2	37443842;39422453	2	
Q6::26	Q6	885	Mono_Nonclassical	0		Mono_Nonclassical	2	37443842;39422453	2	
Q6::29	Q6	785	Conj_epithelium_basal	1	KRT13	Conj_epithelium_basal	0		0	
Q6::7	Q6	601	Astro	0		Astro	2	41856199;41892278	2	
Q6::7	Q6	601	Endo	0		Endo	2	34381080;36712326	2	
Q6::7	Q6	601	MG	0		MG	2	37443842;40448612	2	
Q6::32	Q6	471	Myofibroblast	0		Myofibroblast	2	38177186;40402520	2	
Q6::32	Q6	471	SMC	0		SMC	2	37389178;37443842	2	
Q6::30	Q6	126	Conj_epithelium_basal	2	LCN2;KRT19	Conj_epithelium_basal	0		0	
Q6::30	Q6	126	Mono_Classical	0		Mono_Classical	2	37443842;39422453	2	
Q7::29	Q7	7163	BC	2	PRKCA;TRPM1	retina_interneuron::BC	0		0	
Q7::17	Q7	7073	Rod	0		Rod	1	40817252	2	
Q7::35	Q7	3798	Fibroblast	0		Fibroblast	2	34717927;35859009	2	
Q7::35	Q7	3798	Pericyte	0		Pericyte	2	41230906;42136644	2	
Q7::23	Q7	3199	BC	1	GRIK1	retina_interneuron::BC	0		0	
Q7::38	Q7	2948	BC	1	TRPM1	retina_interneuron::BC	1	38623325	2	
Q7::38	Q7	2948	HC	0		HC	2	38623325;40251274	2	
Q7::8	Q7	2744	AC	0		AC	2	33674582;35212809	2	
Q7::8	Q7	2744	HC	0		HC	2	38623325;40251274	2	
Q7::6	Q7	2352	MG	0		MG	2	35148987;40448612	2	
Q7::6	Q7	2352	Mac_DAM_LAM	0		Mac_DAM_LAM	2	38467611;40251274	2	
Q7::4	Q7	2338	BC	2	PRKCA;TRPM1	retina_interneuron::BC	0		0	
Q7::49	Q7	2306	Fibroblast	0		Fibroblast	2	34717927;35859009	2	
Q7::49	Q7	2306	Pericyte	0		Pericyte	2	41230906;42136644	2	
Q7::26	Q7	2298	BC	1	GRIK1	retina_interneuron::BC	0		0	
Q7::34	Q7	2118	Fibroblast	0		Fibroblast	2	34717927;35859009	2	
Q7::34	Q7	2118	Pericyte	0		Pericyte	2	41230906;42136644	2	
Q7::41	Q7	1985	Fibroblast	0		Fibroblast	2	34717927;35859009	2	
Q7::41	Q7	1985	Pericyte	0		Pericyte	2	41230906;42136644	2	
Q7::43	Q7	1849	Fibroblast	0		Fibroblast	2	34717927;35859009	2	
Q7::43	Q7	1849	Pericyte	0		Pericyte	2	41230906;42136644	2	
Q7::57	Q7	1670	Fibroblast	0		Fibroblast	2	34717927;35859009	2	
Q7::57	Q7	1670	Pericyte	0		Pericyte	2	41230906;42136644	2	
Q7::19	Q7	1665	Rod	0		Rod	1	40817252	2	
Q7::0	Q7	1613	Rod	0		Rod	1	40817252	2	
Q7::36	Q7	1445	Fibroblast	0		Fibroblast	2	34717927;35859009	2	
Q7::36	Q7	1445	Pericyte	0		Pericyte	2	41230906;42136644	2	
Q7::13	Q7	1433	Cone	0		Cone	2	37935630;38467611	2	
Q7::52	Q7	1387	Fibroblast	0		Fibroblast	2	34717927;35859009	2	
Q7::52	Q7	1387	Pericyte	0		Pericyte	2	41230906;42136644	2	
Q7::53	Q7	1356	Fibroblast	0		Fibroblast	2	34717927;35859009	2	
Q7::53	Q7	1356	Pericyte	0		Pericyte	2	41230906;42136644	2	
Q7::32	Q7	1230	BC	1	GRIK1	retina_interneuron::BC	1	38623325	2	
Q7::46	Q7	1130	Fibroblast	0		Fibroblast	2	34717927;35859009	2	
Q7::46	Q7	1130	Pericyte	0		Pericyte	2	41230906;42136644	2	
Q7::33	Q7	1112	Fibroblast	0		Fibroblast	2	34717927;35859009	2	
Q7::33	Q7	1112	Pericyte	0		Pericyte	2	41230906;42136644	2	
Q7::37	Q7	1074	Fibroblast	0		Fibroblast	2	34717927;35859009	2	
Q7::37	Q7	1074	Pericyte	0		Pericyte	2	41230906;42136644	2	
Q7::7	Q7	1073	AC	0		AC	2	33674582;35212809	2	
Q7::48	Q7	857	Rod	0		Rod	1	40817252	2	
Q7::62	Q7	719	BC	1	TRPM1	retina_interneuron::BC	1	38623325	2	
Q7::62	Q7	719	HC	0		HC	2	38623325;40251274	2	
Q7::39	Q7	608	AC	0		AC	2	33674582;35212809	2	
Q7::47	Q7	564	Fibroblast	0		Fibroblast	2	34717927;35859009	2	
Q7::47	Q7	564	Pericyte	0		Pericyte	2	41230906;42136644	2	
Q7::50	Q7	563	Fibroblast	0		Fibroblast	2	34717927;35859009	2	
Q7::50	Q7	563	Pericyte	0		Pericyte	2	41230906;42136644	2	
Q7::58	Q7	527	Fibroblast	0		Fibroblast	2	34717927;35859009	2	
Q7::58	Q7	527	Pericyte	0		Pericyte	2	41230906;42136644	2	
Q7::44	Q7	519	Fibroblast	0		Fibroblast	2	34717927;35859009	2	
Q7::44	Q7	519	Pericyte	0		Pericyte	2	41230906;42136644	2	
Q7::20	Q7	485	Rod	0		Rod	1	40817252	2	
Q7::3	Q7	470	Mac_Tissue	0		Mac_Tissue	2	38467611;40251274	2	
Q7::3	Q7	470	Micro	0		Micro	2	35212809;37217935	2	
Q7::3	Q7	470	Microglia	0		Microglia	2	37217935;41593663	2	
Q7::64	Q7	458	Fibroblast	0		Fibroblast	2	34717927;35859009	2	
Q7::64	Q7	458	Pericyte	0		Pericyte	2	41230906;42136644	2	
Q7::60	Q7	447	BC	0		BC	1	38623325	2	
Q7::59	Q7	433	BC	1	TRPM1	retina_interneuron::BC	0		0	
Q7::42	Q7	428	AC	0		AC	2	33674582;35212809	2	
Q7::42	Q7	428	HC	0		HC	2	38623325;40251274	2	
Q7::5	Q7	415	Endo	0		Endo	1	38623325	2	
Q7::5	Q7	415	Pericyte	0		Pericyte	2	41230906;42136644	2	
Q7::63	Q7	403	BC	1	TRPM1	retina_interneuron::BC	1	38623325	2	
Q7::63	Q7	403	HC	0		HC	2	38623325;40251274	2	
Q7::31	Q7	258	AC	0		AC	2	33674582;35212809	2	
Q7::31	Q7	258	HC	0		HC	2	38623325;40251274	2	
Q7::54	Q7	223	BC	2	PRKCA;TRPM1	retina_interneuron::BC	0		0	
Q7::11	Q7	164	AC	0		AC	2	33674582;35212809	2	
Q7::11	Q7	164	HC	0		HC	2	38623325;40251274	2	
Q7::11	Q7	164	Pericyte	0		Pericyte	2	41230906;42136644	2	
Q7::9	Q7	134	AC	0		AC	2	33674582;35212809	2	
Q7::9	Q7	134	HC	0		HC	2	38623325;40251274	2	
Q7::14	Q7	133	Fibroblast	0		Fibroblast	2	34717927;35859009	2	
Q7::14	Q7	133	Mac_DAM_LAM	0		Mac_DAM_LAM	2	38467611;40251274	2	
Q7::14	Q7	133	RPE	0		RPE	2	36293024;38467611	2	
Q7::18	Q7	119	Rod	0		Rod	1	40817252	2	
Q8::4	Q8	6242	RGC	0		RGC	2	34946963;37880369	2	
Q8::18	Q8	5157	Astro	0		Astro	2	35212809;36277849	2	
Q8::6	Q8	4607	RGC	0		RGC	2	34946963;37880369	2	
Q8::26	Q8	4540	HC	1	ONECUT1	retina_interneuron::HC	2	34006945;37156914	2	
Q8::26	Q8	4540	AC	0		AC	2	34006945;35615708	2	
Q8::0	Q8	2535	BC	1	GRIK1	retina_interneuron::BC	2	34006945;40050124	2	
Q8::31	Q8	2444	BC	1	GRIK1	retina_interneuron::BC	0		0	
Q8::21	Q8	2329	Proliferating	0		Proliferating	2	34006945;41390488	2	
Q8::3	Q8	2249	RGC	0		RGC	2	34946963;37880369	2	
Q8::33	Q8	2022	BC	1	GRIK1	retina_interneuron::BC	0		0	
Q8::11	Q8	1896	BC	1	NETO1	retina_interneuron::BC	0		0	
Q8::5	Q8	1102	RGC	0		RGC	2	34946963;37880369	2	
Q8::28	Q8	137	Astro	0		Astro	2	35212809;36277849	2	
Q8::28	Q8	137	B	0		B	2	34006945;35615708	2	
Q9::0	Q9	1619	Fibroblast	0		Fibroblast	2	35269428;36231108	2	
Q9::0	Q9	1619	Mono_Classical	0		Mono_Classical	2	34006945;37272764	2	
Q9::0	Q9	1619	Myofibroblast	0		Myofibroblast	2	33022222;36231108	2	
Q9::10	Q9	908	APC_MHCII_high	0		APC_MHCII_high	2	35615708;37272764	2	
Q9::10	Q9	908	Mac_DAM_LAM	0		Mac_DAM_LAM	2	34006945;37156914	2	
Q9::10	Q9	908	Mono_Classical	0		Mono_Classical	2	34006945;37272764	2	
Q9::2	Q9	868	Fibroblast	0		Fibroblast	2	35269428;36231108	2	
Q9::2	Q9	868	Mac_DAM_LAM	0		Mac_DAM_LAM	2	34006945;37156914	2	
Q9::2	Q9	868	Myofibroblast	0		Myofibroblast	2	33022222;36231108	2	
Q9::6	Q9	857	APC_MHCII_high	0		APC_MHCII_high	2	35615708;37272764	2	
Q9::6	Q9	857	Mac_DAM_LAM	0		Mac_DAM_LAM	2	34006945;37156914	2	
Q9::6	Q9	857	Mac_Tissue	0		Mac_Tissue	2	34006945;34341398	2	
Q9::11	Q9	739	APC_MHCII_high	0		APC_MHCII_high	2	35615708;37272764	2	
Q9::11	Q9	739	Mac_DAM_LAM	0		Mac_DAM_LAM	2	34006945;37156914	2	
Q9::11	Q9	739	cDC2	0		cDC2	2	37156914;37880369	2	
Q9::13	Q9	671	APC_MHCII_high	0		APC_MHCII_high	2	35615708;37272764	2	
Q9::13	Q9	671	Mono_Classical	0		Mono_Classical	2	34006945;37272764	2	
Q9::13	Q9	671	cDC2	0		cDC2	2	37156914;37880369	2	
Q9::9	Q9	670	Mac_DAM_LAM	0		Mac_DAM_LAM	2	34006945;37156914	2	
Q9::9	Q9	670	Mac_Tissue	0		Mac_Tissue	2	34006945;34341398	2	
Q9::9	Q9	670	Mono_Classical	0		Mono_Classical	2	34006945;37272764	2	
Q9::12	Q9	623	Mono_Classical	0		Mono_Classical	2	34006945;37272764	2	
Q9::7	Q9	608	APC_MHCII_high	0		APC_MHCII_high	2	35615708;37272764	2	
Q9::7	Q9	608	Mac_DAM_LAM	0		Mac_DAM_LAM	2	34006945;37156914	2	
Q9::7	Q9	608	Mono_Classical	0		Mono_Classical	2	34006945;37272764	2	
Q9::15	Q9	542	Mac_DAM_LAM	0		Mac_DAM_LAM	2	34006945;37156914	2	
Q9::15	Q9	542	Mac_Tissue	0		Mac_Tissue	2	34006945;34341398	2	
Q9::15	Q9	542	Mono_Classical	0		Mono_Classical	2	34006945;37272764	2	
Q9::17	Q9	328	Myofibroblast	0		Myofibroblast	2	33022222;36231108	2	
Q9::17	Q9	328	Pericyte	0		Pericyte	2	34006945;41230906	2	
Q9::17	Q9	328	SMC	0		SMC	2	34006945;37156914	2	
Q9::8	Q9	326	T	0		T	2	36630901;39804630	2	
Q9::3	Q9	280	Mac_DAM_LAM	0		Mac_DAM_LAM	2	34006945;37156914	2	
Q9::3	Q9	280	Proliferating	0		Proliferating	2	34006945;41390488	2	
Q9::16	Q9	269	Endo	0		Endo	2	34381080;42194275	2	
Q9::16	Q9	269	Pericyte	0		Pericyte	2	34006945;41230906	2	
Q9::19	Q9	236	Myofibroblast	0		Myofibroblast	2	33022222;36231108	2	
Q9::19	Q9	236	Pericyte	0		Pericyte	2	34006945;41230906	2	
Q9::19	Q9	236	SMC	0		SMC	2	34006945;37156914	2	
Q9::1	Q9	135	Fibroblast	0		Fibroblast	2	35269428;36231108	2	
Q9::1	Q9	135	Myofibroblast	0		Myofibroblast	2	33022222;36231108	2	
Q9::1	Q9	135	Pericyte	0		Pericyte	2	34006945;41230906	2	
Q9::14	Q9	134	Fibroblast	0		Fibroblast	2	35269428;36231108	2	
Q9::14	Q9	134	Granulocyte	0		Granulocyte	2	35212809;37272764	2	
Q9::14	Q9	134	Myofibroblast	0		Myofibroblast	2	33022222;36231108	2	
