# batch-2 candidate list (non-strong keys, 103 of 280)
class/gene(grade)
AC/EYA4(none)
AC/GABRG1(none)
AC/GAD2(weak)
AC/GRIK2(none)
AC/ITGA11(none)
AC/LRRN3(none)
AC/ONECUT2(weak)
AC/RASGRF1(none)
AC/SHISA6(none)
AC/SLC6A9(weak)
AC/SPHKAP(none)
AC/TFAP2A(none)
AC/ZFPM2(none)
APC_MHCII_high/FCGR1A(none)
APC_MHCII_high/HLA-DMB(weak)
APC_MHCII_high/HLA-DPA1(weak)
APC_MHCII_high/HLA-DQA1(weak)
APC_MHCII_high/HLA-DQB1(weak)
APC_MHCII_high/RGS1(none)
B/IGKC(weak)
BC/ADGRL2(none)
BC/BACH1(none)
BC/BCAT1(none)
BC/COL19A1(none)
BC/GRIK1(weak)
BC/GRM5(none)
BC/GRM7(none)
BC/HS3ST4(none)
BC/ISL1(weak)
BC/MCC(none)
BC/NPHS1(none)
BC/OTX2(weak)
BC/SDK1(weak)
BC/TACR3(none)
BC/TMEM132C(none)
BC/TMEM196(none)
BC/ZNF804B(none)
Endo/ECSCR(weak)
Endo/GNG11(none)
Endo_Patho/DLL4(weak)
Endo_Patho/HIF1A(weak)
Endo_Patho/NDUFA4L2(none)
Granulocyte/CD36(weak)
Granulocyte/FCGR3B(weak)
Granulocyte/TGFBI(weak)
HC/CX3CR1(weak)
HC/FAM107B(none)
HC/FAM135A(none)
HC/GAD1(weak)
HC/NAALAD2(none)
HC/ONECUT3(none)
HC/VAT1L(none)
MG/GLUL(weak)
MG/S100B(weak)
Mac_DAM_LAM/ASAH1(none)
Mac_DAM_LAM/CCL3(weak)
Mac_DAM_LAM/CCL4(weak)
Mac_DAM_LAM/CTSD(weak)
Mac_DAM_LAM/FTH1(none)
Mac_DAM_LAM/FTL(none)
Mac_DAM_LAM/HMOX1(none)
Mac_DAM_LAM/LGMN(none)
Mac_DAM_LAM/MMP9(none)
Mac_DAM_LAM/OLR1(none)
Mac_DAM_LAM/PLD3(none)
Mac_Tissue/ITM2B(weak)
Microglia/TYROBP(weak)
Mono_Classical/CTSS(weak)
Mono_Classical/FCN1(none)
Mono_Classical/LYZ(none)
Mono_Classical/MNDA(weak)
Mono_Classical/SELL(weak)
Mono_Classical/SERPINA1(none)
Mono_Nonclassical/IL1B(weak)
Mono_Nonclassical/LST1(none)
Mono_Nonclassical/MS4A7(none)
Myofibroblast/TPM1(weak)
Myofibroblast/TPM2(weak)
NK/KLRF1(none)
NK/NKG7(weak)
Pericyte/CALD1(weak)
Pericyte/COL1A2(weak)
Pericyte/ITGA1(none)
Pericyte/THY1(weak)
Plasma/DERL3(weak)
Plasma/SEC11C(none)
Proliferating/BIRC5(weak)
Proliferating/H2AFZ(weak)
Proliferating/NUSAP1(weak)
SMC/DES(weak)
SMC/LMOD1(weak)
SMC/MYL9(weak)
T/TRAC(weak)
cDC1/C1R(none)
cDC1/C1S(none)
cDC1/ZBTB46(weak)
cDC2/CD1C(weak)
cDC2/CD4(weak)
cDC2/FCER1A(weak)
cDC2/HLA-DRA(none)
cDC2/S100A10(weak)
pDC/JCHAIN(none)
pDC/SERPINF1(none)
