cluster_S,n,S_call,P_dom,P_frac,truth_dom,changed,kb_support_S,kb_support_P
0,2568,Cone,Rod,0.987,Rod,True,"kb词条(Cone, markers_v4.1_clean 冻结表; v6 无逐类PMID)—单条文献待补","kb词条(Rod, markers_v4.1_clean 冻结表; v6 无逐类PMID)—单条文献待补"
1,2136,Rod,Rod,0.996,Rod,False,"kb词条(Rod, markers_v4.1_clean 冻结表; v6 无逐类PMID)—单条文献待补","kb词条(Rod, markers_v4.1_clean 冻结表; v6 无逐类PMID)—单条文献待补"
10,672,Cone,Cone,0.832,Cone,False,"kb词条(Cone, markers_v4.1_clean 冻结表; v6 无逐类PMID)—单条文献待补","kb词条(Cone, markers_v4.1_clean 冻结表; v6 无逐类PMID)—单条文献待补"
11,597,Rod,Rod,0.985,Rod,False,"kb词条(Rod, markers_v4.1_clean 冻结表; v6 无逐类PMID)—单条文献待补","kb词条(Rod, markers_v4.1_clean 冻结表; v6 无逐类PMID)—单条文献待补"
12,563,MG,MG,0.602,Rod,False,"kb词条(MG, v4.1/v6)+PMID:29561967","kb词条(MG, v4.1/v6)+PMID:29561967"
13,500,BC,BC,0.996,BC,False,"kb词条(BC, v4.1/v6)+PMID:42124641","kb词条(BC, v4.1/v6)+PMID:42124641"
14,400,MG,MG,0.975,Rod,False,"kb词条(MG, v4.1/v6)+PMID:29561967","kb词条(MG, v4.1/v6)+PMID:29561967"
15,349,AC,MISS,0.897,AC,True,"kb词条(AC, v4.1/v6)+PMID:33393903,38087179,41037735",无支持，存疑
16,221,Cone,Cone,1.0,Cone,False,"kb词条(Cone, markers_v4.1_clean 冻结表; v6 无逐类PMID)—单条文献待补","kb词条(Cone, markers_v4.1_clean 冻结表; v6 无逐类PMID)—单条文献待补"
17,187,BC,Cone,0.396,MG,True,"kb词条(BC, v4.1/v6)+PMID:42124641","kb词条(Cone, markers_v4.1_clean 冻结表; v6 无逐类PMID)—单条文献待补"
18,142,Rod,Micro,0.951,Micro,True,"kb词条(Rod, markers_v4.1_clean 冻结表; v6 无逐类PMID)—单条文献待补","kb词条(Micro, markers_v4.1_clean 冻结表; v6 无逐类PMID)—单条文献待补"
19,114,HC,MISS,0.895,AC,True,"kb词条(HC, markers_v4.1_clean 冻结表; v6 无逐类PMID)—单条文献待补",无支持，存疑
2,1983,Rod,Rod,0.891,Rod,False,"kb词条(Rod, markers_v4.1_clean 冻结表; v6 无逐类PMID)—单条文献待补","kb词条(Rod, markers_v4.1_clean 冻结表; v6 无逐类PMID)—单条文献待补"
20,105,RGC,RGC,0.99,EXCL,False,"kb词条(RGC, v4.1/v6)+PMID:24449362","kb词条(RGC, v4.1/v6)+PMID:24449362"
21,71,RGC,MISS,0.493,RGC,True,"kb词条(RGC, v4.1/v6)+PMID:24449362",无支持，存疑
3,1901,Cone,Rod,0.995,Rod,True,"kb词条(Cone, markers_v4.1_clean 冻结表; v6 无逐类PMID)—单条文献待补","kb词条(Rod, markers_v4.1_clean 冻结表; v6 无逐类PMID)—单条文献待补"
4,1845,Rod,Rod,0.989,Rod,False,"kb词条(Rod, markers_v4.1_clean 冻结表; v6 无逐类PMID)—单条文献待补","kb词条(Rod, markers_v4.1_clean 冻结表; v6 无逐类PMID)—单条文献待补"
5,1626,Rod,Rod,0.922,Rod,False,"kb词条(Rod, markers_v4.1_clean 冻结表; v6 无逐类PMID)—单条文献待补","kb词条(Rod, markers_v4.1_clean 冻结表; v6 无逐类PMID)—单条文献待补"
6,1042,MG,MG,0.963,MG,False,"kb词条(MG, v4.1/v6)+PMID:29561967","kb词条(MG, v4.1/v6)+PMID:29561967"
7,1023,Cone,Rod,0.668,Rod,True,"kb词条(Cone, markers_v4.1_clean 冻结表; v6 无逐类PMID)—单条文献待补","kb词条(Rod, markers_v4.1_clean 冻结表; v6 无逐类PMID)—单条文献待补"
8,905,BC,BC,0.982,BC,False,"kb词条(BC, v4.1/v6)+PMID:42124641","kb词条(BC, v4.1/v6)+PMID:42124641"
9,744,BC,BC,0.996,BC,False,"kb词条(BC, v4.1/v6)+PMID:42124641","kb词条(BC, v4.1/v6)+PMID:42124641"
