"Var1","Var2","Freq"
"0","AC",0
"1","AC",0
"10","AC",0
"11","AC",0
"12","AC",0
"13","AC",0
"14","AC",0
"15","AC",349
"16","AC",0
"17","AC",0
"18","AC",0
"19","AC",0
"2","AC",0
"20","AC",0
"21","AC",0
"3","AC",0
"4","AC",0
"5","AC",0
"6","AC",0
"7","AC",0
"8","AC",0
"9","AC",0
"0","BC",0
"1","BC",0
"10","BC",0
"11","BC",0
"12","BC",0
"13","BC",500
"14","BC",0
"15","BC",0
"16","BC",0
"17","BC",187
"18","BC",0
"19","BC",0
"2","BC",0
"20","BC",0
"21","BC",0
"3","BC",0
"4","BC",0
"5","BC",0
"6","BC",0
"7","BC",0
"8","BC",905
"9","BC",744
"0","Cone",2568
"1","Cone",0
"10","Cone",672
"11","Cone",0
"12","Cone",0
"13","Cone",0
"14","Cone",0
"15","Cone",0
"16","Cone",221
"17","Cone",0
"18","Cone",0
"19","Cone",0
"2","Cone",0
"20","Cone",0
"21","Cone",0
"3","Cone",1901
"4","Cone",0
"5","Cone",0
"6","Cone",0
"7","Cone",1023
"8","Cone",0
"9","Cone",0
"0","HC",0
"1","HC",0
"10","HC",0
"11","HC",0
"12","HC",0
"13","HC",0
"14","HC",0
"15","HC",0
"16","HC",0
"17","HC",0
"18","HC",0
"19","HC",114
"2","HC",0
"20","HC",0
"21","HC",0
"3","HC",0
"4","HC",0
"5","HC",0
"6","HC",0
"7","HC",0
"8","HC",0
"9","HC",0
"0","MG",0
"1","MG",0
"10","MG",0
"11","MG",0
"12","MG",563
"13","MG",0
"14","MG",400
"15","MG",0
"16","MG",0
"17","MG",0
"18","MG",0
"19","MG",0
"2","MG",0
"20","MG",0
"21","MG",0
"3","MG",0
"4","MG",0
"5","MG",0
"6","MG",1042
"7","MG",0
"8","MG",0
"9","MG",0
"0","RGC",0
"1","RGC",0
"10","RGC",0
"11","RGC",0
"12","RGC",0
"13","RGC",0
"14","RGC",0
"15","RGC",0
"16","RGC",0
"17","RGC",0
"18","RGC",0
"19","RGC",0
"2","RGC",0
"20","RGC",105
"21","RGC",71
"3","RGC",0
"4","RGC",0
"5","RGC",0
"6","RGC",0
"7","RGC",0
"8","RGC",0
"9","RGC",0
"0","Rod",0
"1","Rod",2136
"10","Rod",0
"11","Rod",597
"12","Rod",0
"13","Rod",0
"14","Rod",0
"15","Rod",0
"16","Rod",0
"17","Rod",0
"18","Rod",142
"19","Rod",0
"2","Rod",1983
"20","Rod",0
"21","Rod",0
"3","Rod",0
"4","Rod",1845
"5","Rod",1626
"6","Rod",0
"7","Rod",0
"8","Rod",0
"9","Rod",0
