cluster,call,n_shared,ties,scores,top30,truth_dominant
0,RGC,3,RGC,"{""Rod"": 0, ""Cone"": 0, ""BC"": 0, ""AC"": 0, ""HC"": 0, ""RGC"": 3, ""MG"": 0, ""Astro"": 0, ""Micro"": 0, ""RPE"": 0}",NEFL;NEFM;UCHL1;MAP1B;NEAT1;MIAT;AHNAK2;STMN2;SNCG;NRN1;NDRG4;SCN1B;PVALB;NEFH;INA;TUBA1B;KIF5A;SCN1A;PRUNE2;MAP4K4;RBPMS;MALAT1;MAP1A;PRPH;VDAC1;MEG3;CPLX1;ELAVL2;KCNC2;KIF21A,RGC
1,AC,3,AC,"{""Rod"": 0, ""Cone"": 0, ""BC"": 0, ""AC"": 3, ""HC"": 0, ""RGC"": 0, ""MG"": 0, ""Astro"": 0, ""Micro"": 0, ""RPE"": 0}",SYT1;GLUL;PCDH7;PPFIBP1;BHLHE22;DKK3;CRIM1;GAD1;C1QL1;CADPS;LMO4;SYNPR;SLC6A1;PAX6;CACNA1G;CPLX2;GRID2;SIX3;PTPRK;P2RY1;FAIM2;CPE;SLC12A5;MEIS2;GAD2;ARHGEF4;GPM6A;PEBP1;BTBD8;ADGRL3,AC
2,RGC,3,RGC,"{""Rod"": 0, ""Cone"": 0, ""BC"": 0, ""AC"": 0, ""HC"": 0, ""RGC"": 3, ""MG"": 0, ""Astro"": 0, ""Micro"": 0, ""RPE"": 0}",MALAT1;NEAT1;NEFL;NEFM;SNCG;MIAT;UCHL1;AHNAK2;STMN2;PVALB;MAP1B;NDRG4;NRN1;PRPH;KCNQ1OT1;SCN1B;NEFH;PRUNE2;MEG3;INA;NRXN1;GAPDH;KIF5A;RBPMS;KIF21A;TANC1;MAP4K4;TAGLN3;SCN1A;KCNC2,RGC
3,MISS,0,,"{""Rod"": 0, ""Cone"": 0, ""BC"": 0, ""AC"": 0, ""HC"": 0, ""RGC"": 0, ""MG"": 0, ""Astro"": 0, ""Micro"": 0, ""RPE"": 0}",ASIC2;NRXN1;GABRB2;LAMP5;TCF4;PAX6;LSAMP;CAMK2N1;GABRA1;NOVA1;GRIA2;PCP4;BTG1;TMEM59L;OLFM1;RTN1;CACNA2D1;APP;HLF;CHD5;NEAT1;THY1;STMN2;GRID2;ATP1B1;ZNF804A;TSHZ2;KCTD16;COL6A1;CADM3,RGC
4,RGC,2,RGC,"{""Rod"": 0, ""Cone"": 0, ""BC"": 0, ""AC"": 0, ""HC"": 0, ""RGC"": 2, ""MG"": 0, ""Astro"": 0, ""Micro"": 0, ""RPE"": 0}",XIST;MALAT1;NEAT1;NEFL;MIAT;AHNAK2;NEFM;MAP1B;HMGCS1;KIF5A;KCNQ1OT1;SCN1B;LPIN1;PRUNE2;PRPH;UCHL1;STARD4;TSIX;SNCG;NRN1;ACAT2;NEFH;PRKG1;SCN1A;RSRP1;PVALB;KIF21A;JAK1;AKAP12;MEG3,RGC
5,MG,1,MG,"{""Rod"": 0, ""Cone"": 0, ""BC"": 0, ""AC"": 0, ""HC"": 0, ""RGC"": 0, ""MG"": 1, ""Astro"": 0, ""Micro"": 0, ""RPE"": 0}",TF;GLUL;WIF1;HES1;CLU;TRDN;VIM;APOE;FRZB;SLC1A3;SPP1;GPX3;RGR;HKDC1;DUSP1;F3;SLITRK2;RLBP1;DKK3;PTGDS;STAC2;FOS;CP;KDR;CEMIP2;GRID2;GABRG3;ABI3BP;IGFBP5;COL4A3,MG
6,AC,2,AC,"{""Rod"": 0, ""Cone"": 0, ""BC"": 0, ""AC"": 2, ""HC"": 0, ""RGC"": 0, ""MG"": 0, ""Astro"": 0, ""Micro"": 0, ""RPE"": 0}",ASIC2;SYT1;TFAP2B;SLC6A1;GAD1;SERINC1;CELF4;SCG2;PGRMC1;SV2A;SYNPR;CPE;NCAM1;GAD2;GPM6A;NRXN2;ATP1B1;SARAF;SCD5;CALY;NRXN3;C1QL1;DPP6;SERPINI1;SCG5;SEMA6A;GLUL;PEBP1;PSAP;LSAMP,AC
7,Rod,4,Rod,"{""Rod"": 4, ""Cone"": 0, ""BC"": 0, ""AC"": 0, ""HC"": 0, ""RGC"": 0, ""MG"": 0, ""Astro"": 0, ""Micro"": 0, ""RPE"": 0}",PDE6A;SAG;RHO;ROM1;PDE6G;ZMYND19;GNGT1;NRL;GNAT1;HMGN1;PDC;RIMS2;MAK;CNGA1;PDE6B;RCVRN;CNGB1;ABCA4;IMPG2;AHI1;SLC4A7;SYNE2;AC024940.1;GNB1;LENG8;DMD;AKAP9;SLC6A6;MYO9A;RGS9,Rod
8,HC,9,HC,"{""Rod"": 0, ""Cone"": 0, ""BC"": 0, ""AC"": 0, ""HC"": 9, ""RGC"": 0, ""MG"": 0, ""Astro"": 0, ""Micro"": 0, ""RPE"": 0}",CNTNAP2;RORB;SEPTIN4;CKB;HTRA1;ONECUT2;TNR;C1QL1;PTN;SEPTIN7;ONECUT1;VAT1L;NDRG1;SHISA8;KCNJ2;CDC42EP4;GNAS;PROX1;PVALB;SEMA5A;SLC4A3;ACSL3;CXXC5;LNP1;ONECUT3;TPM3;TUBB2B;CMYA5;B3GAT2;ATP6V1F,HC
9,AC,6,AC,"{""Rod"": 0, ""Cone"": 0, ""BC"": 0, ""AC"": 6, ""HC"": 0, ""RGC"": 0, ""MG"": 0, ""Astro"": 0, ""Micro"": 0, ""RPE"": 0}",LRRC4C;ASIC2;TFAP2B;FILIP1L;UNC13C;GAD1;OLFM3;GABRG1;C1QL1;ACTN2;SYNE1;C1QL2;RASGRF1;CARTPT;SEMA6A;HDC;SLC6A1;MEIS2;CELF4;JPH4;SYNPR;SRRM4;PTN;TBX3;SYT1;PTPRK;CLTB;RGS8;CACNA1A;PAX6,AC
10,BC,7,BC,"{""Rod"": 0, ""Cone"": 0, ""BC"": 7, ""AC"": 0, ""HC"": 0, ""RGC"": 0, ""MG"": 0, ""Astro"": 0, ""Micro"": 0, ""RPE"": 0}",FSTL5;TMEM215;CADPS;LRTM1;ATP1B2;GRM6;DLG2;H3-3B;CPE;GABRR2;EFR3A;TRPM1;OTX2;VSX2;ZNF385B;CRYBG3;SLC24A4;TCF4;SLC4A10;MIR124-2HG;PER3;NETO1;NRXN3;APLP2;KCNMA1;PLXDC1;BTG1;PCP2;CAMK2B;MAP7,BC
11,RGC,2,RGC,"{""Rod"": 0, ""Cone"": 0, ""BC"": 0, ""AC"": 0, ""HC"": 0, ""RGC"": 2, ""MG"": 0, ""Astro"": 0, ""Micro"": 0, ""RPE"": 0}",XIST;NEAT1;MALAT1;HMGCS1;KCNQ1OT1;MIAT;NEFL;AHNAK2;SNCG;UCHL1;PRPH;ACAT2;TSIX;STARD4;LPIN1;STMN2;PGP;PRUNE2;TUBA1A;MVD;NEFM;RSRP1;NDRG4;SCN1B;PVALB;KIF21A;MAP1B;KCNC2;NRXN1;DNM1L,RGC
12,AC,1,AC,"{""Rod"": 0, ""Cone"": 0, ""BC"": 0, ""AC"": 1, ""HC"": 0, ""RGC"": 0, ""MG"": 0, ""Astro"": 0, ""Micro"": 0, ""RPE"": 0}",SLC12A7;ACTC1;EMC10;PTPRF;LAMP5;CACNG5;CALB2;TFAP2B;CDH7;GJD2;SLC8A1;IGFBP4;ZNF804A;NFIA;PLCB4;CNTNAP2;TRIM9;CALB1;SLC6A6;NFASC;BTG1;PROX1;CLCNKA;DCLK2;RBFOX1;DAB1;STAC2;NRIP3;CKB;GRIK2,HC
13,Rod,4,Rod,"{""Rod"": 4, ""Cone"": 0, ""BC"": 0, ""AC"": 0, ""HC"": 0, ""RGC"": 0, ""MG"": 0, ""Astro"": 0, ""Micro"": 0, ""RPE"": 0}",MT-ND3;MT-CO3;GNAT1;SAG;MT-RNR2;NTM;ZMYND19;PDE6A;PPEF2;HMGN1;CNGB1;RHO;PDE6G;NRL;ROM1;KCNV2;SYNE2;MT-CO1;ABCA4;MYO9A;AHI1;PDC;MT-CO2;RIMS2;MAK;CNGA1;SLC6A6;PDE6B;CASZ1;AKAP9,Rod
14,Cone,2,Cone,"{""Rod"": 0, ""Cone"": 2, ""BC"": 0, ""AC"": 0, ""HC"": 0, ""RGC"": 0, ""MG"": 0, ""Astro"": 0, ""Micro"": 0, ""RPE"": 0}",ARR3;PDE6H;CC2D2A;MPP4;AKAP9;GUCA1B;GUK1;RAB41;GNB3;MAP2;COL4A3;AC023905.1;PCBP4;PDC;PEX5L;FSD1L;AC007349.2;AHI1;FSTL5;GUCA1C;SLC4A7;KCNV2;KCNB2;B3GALNT2;MIR124-1HG;CEP164;IMPG2;ZNF326;MAK;RPGRIP1,Cone
