face	rule	named_c4	named_new	fixed	broken	overturn	net	acc_new	acc_c4	R1p_new	R1p_gate	R2p_new	R2p_gate	P1_new	P1_gate	P2_strict_new	P2_any_new	P2_gate	R1_new	R1_gate	R2_new	R2_gate	preserve_new
RUN3	C1_default	133	202	44	12	0	32	0.6402	0.4735														
RUN3	C2a	133	136	2	0	0	2	0.4811	0.4735														
RUN3	C2b	133	173	24	4	0	20	0.5644	0.4735														
RUN3	C3a	133	135	0	1	0	-1	0.4735	0.4735														
RUN3	C3b	133	172	30	7	0	23	0.5871	0.4735														
RUN3	C4	133	133	0	0	0	0	0.4735	0.4735														
RUN4-r	C1_default	39	42	2	1	0	1			16.0	>=15	0.0	<=1										
RUN4-r	C2a	39	39	0	0	0	0			15.0	>=15	1.0	<=1										
RUN4-r	C2b	39	39	0	0	0	0			15.0	>=15	1.0	<=1										
RUN4-r	C3a	39	39	0	0	0	0			15.0	>=15	1.0	<=1										
RUN4-r	C3b	39	39	0	0	0	0			15.0	>=15	1.0	<=1										
RUN4-r	C4	39	39	0	0	0	0			15.0	>=15	1.0	<=1										
RUN5	C1_default	22	30	3	5	0	-2							24.0	>=24/33	4.0	4.0	<=1/33					
RUN5	C2a	22	24	1	1	0	0							22.0	>=24/33	2.0	2.0	<=1/33					
RUN5	C2b	22	27	4	1	0	3							25.0	>=24/33	2.0	2.0	<=1/33					
RUN5	C3a	22	22	0	0	0	0							21.0	>=24/33	1.0	1.0	<=1/33					
RUN5	C3b	22	27	3	2	0	1							24.0	>=24/33	3.0	3.0	<=1/33					
RUN5	C4	22	22	0	0	0	0							21.0	>=24/33	1.0	1.0	<=1/33					
KB9	C1_default	23	30	6	1	0	5							28.0	>=24/33	0.0	0.0	<=1/33					
KB9	C2a	23	27	4	0	0	4							26.0	>=24/33	0.0	0.0	<=1/33					
KB9	C2b	23	30	7	0	0	7							29.0	>=24/33	0.0	0.0	<=1/33					
KB9	C3a	23	24	1	0	0	1							23.0	>=24/33	0.0	0.0	<=1/33					
KB9	C3b	23	28	5	0	0	5							27.0	>=24/33	0.0	0.0	<=1/33					
KB9	C4	23	23	0	0	0	0							22.0	>=24/33	0.0	0.0	<=1/33					
FACEV21	C1_default	42	45	2	1	0	1												21.0	>=15	0.0	<=1	True
FACEV21	C2a	42	42	0	0	0	0												19.0	>=15	0.0	<=1	True
FACEV21	C2b	42	42	0	0	0	0												19.0	>=15	0.0	<=1	True
FACEV21	C3a	42	42	0	0	0	0												19.0	>=15	0.0	<=1	True
FACEV21	C3b	42	43	0	1	0	-1												19.0	>=15	0.0	<=1	True
FACEV21	C4	42	42	0	0	0	0												19.0	>=15	0.0	<=1	True
