face	cid	member	truth	c4_name	c4_mode	name_C1_default	name_C2a	name_C2b	name_C3a	name_C3b	name_C4	s1_tied_scores	s1_sole
RUN3	Q1::0	Q1	Rod	Rod	majority	Rod	Rod	Rod	Rod	Rod	Rod		
RUN3	Q1::1	Q1	Rod		abstain3								
RUN3	Q1::10	Q1	Cone	Cone	majority	Cone	Cone	Cone	Cone	Cone	Cone		
RUN3	Q1::11	Q1	MG	MG	majority	MG	MG	MG	MG	MG	MG		
RUN3	Q1::12	Q1	BC		tie	BC				BC			2
RUN3	Q1::14	Q1	AC		abstain3	AC							
RUN3	Q1::15	Q1	BC	BC	majority	BC	BC	BC	BC	BC	BC		
RUN3	Q1::16	Q1		RGC	majority	RGC	RGC	RGC	RGC	RGC	RGC		
RUN3	Q1::17	Q1	Micro	Micro	majority	Micro	Micro	Micro	Micro	Micro	Micro		
RUN3	Q1::2	Q1	MG	MG	majority	MG	MG	MG	MG	MG	MG		
RUN3	Q1::3	Q1	Rod		tie	Rod							0
RUN3	Q1::4	Q1	Rod	Rod	majority	Rod	Rod	Rod	Rod	Rod	Rod		
RUN3	Q1::5	Q1	Rod	MG	majority	MG	MG	MG	MG	MG	MG		
RUN3	Q1::7	Q1	MG	MG	majority	MG	MG	MG	MG	MG	MG		
RUN3	Q1::8	Q1	BC	BC	majority	BC	BC	BC	BC	BC	BC		
RUN3	Q1::9	Q1	Rod		abstain3								
RUN3	Q2::0	Q2	MG		tie	MG				MG			2
RUN3	Q2::1	Q2	MG	MG	majority	MG	MG	MG	MG	MG	MG		
RUN3	Q2::10	Q2	BC		tie	BC							0
RUN3	Q2::11	Q2	BC		tie	AC							0
RUN3	Q2::13	Q2	BC		tie	BC				BC			1
RUN3	Q2::14	Q2	BC	BC	majority	BC	BC	BC	BC	BC	BC		
RUN3	Q2::15	Q2	BC		tie	BC		BC		BC			1
RUN3	Q2::16	Q2	BC		tie	AC		AC					0
RUN3	Q2::17	Q2	BC		tie	BC		BC					0
RUN3	Q2::18	Q2	Rod	Rod	majority	Rod	Rod	Rod	Rod	Rod	Rod		
RUN3	Q2::19	Q2			abstain3	BC	BC	BC					
RUN3	Q2::2	Q2	MG	MG	majority	MG	MG	MG	MG	MG	MG		
RUN3	Q2::20	Q2	AC		tie							"{""AC"": 0, ""HC"": 0}"	
RUN3	Q2::21	Q2	RGC	RGC	majority	RGC	RGC	RGC	RGC	RGC	RGC		
RUN3	Q2::22	Q2	Astro	MG	majority	MG	MG	MG	MG	MG	MG		
RUN3	Q2::23	Q2	Micro	Micro	majority	Micro	Micro	Micro	Micro	Micro	Micro		
RUN3	Q2::24	Q2			tie	Endothelium		Endothelium					0
RUN3	Q2::25	Q2	HC		tie							"{""AC"": 0, ""HC"": 0}"	
RUN3	Q2::26	Q2	Cone	Cone	majority	Cone	Cone	Cone	Cone	Cone	Cone		
RUN3	Q2::27	Q2	Cone	Cone	majority	Cone	Cone	Cone	Cone	Cone	Cone		
RUN3	Q2::3	Q2	MG		tie	MG				MG			1
RUN3	Q2::4	Q2	MG	MG	majority	MG	MG	MG	MG	MG	MG		
RUN3	Q2::5	Q2			abstain3			Pericyte					
RUN3	Q2::6	Q2	Rod	Rod	majority	Rod	Rod	Rod	Rod	Rod	Rod		
RUN3	Q2::7	Q2	Rod	Rod	majority	Rod	Rod	Rod	Rod	Rod	Rod		
RUN3	Q2::8	Q2	Rod	Rod	majority	Rod	Rod	Rod	Rod	Rod	Rod		
RUN3	Q2::9	Q2	BC		tie	BC		BC		BC			2
RUN3	Q3::0	Q3	Rod	Rod	majority	Rod	Rod	Rod	Rod	Rod	Rod		
RUN3	Q3::1	Q3	Rod	Rod	majority	Rod	Rod	Rod	Rod	Rod	Rod		
RUN3	Q3::10	Q3	MG		tie	MG		MG		MG			1
RUN3	Q3::11	Q3	HC		tie							"{""AC"": 1, ""HC"": 1}"	
RUN3	Q3::12	Q3	Cone	Cone	majority	Cone	Cone	Cone	Cone	Cone	Cone		
RUN3	Q3::13	Q3	RGC		abstain3								
RUN3	Q3::14	Q3	Micro	Micro	majority	Micro	Micro	Micro	Micro	Micro	Micro		
RUN3	Q3::15	Q3	Rod	Rod	majority	Rod	Rod	Rod	Rod	Rod	Rod		
RUN3	Q3::2	Q3	Rod	Rod	majority	Rod	Rod	Rod	Rod	Rod	Rod		
RUN3	Q3::3	Q3	AC		abstain3								
RUN3	Q3::4	Q3	BC	BC	majority	BC	BC	BC	BC	BC	BC		
RUN3	Q3::5	Q3	BC		abstain3								
RUN3	Q3::6	Q3	MG	MG	majority	MG	MG	MG	MG	MG	MG		
RUN3	Q3::7	Q3	MG		tie	MG	MG	MG		MG			3
RUN3	Q3::8	Q3	MG	MG	majority	MG	MG	MG	MG	MG	MG		
RUN3	Q3::9	Q3	BC		tie	BC		BC		BC			1
RUN3	Q4::0	Q4	AC	AC	majority	AC	AC	AC	AC	AC	AC		
RUN3	Q4::1	Q4	AC		tie	AC							0
RUN3	Q4::10	Q4	RGC	RGC	majority	RGC	RGC	RGC	RGC	RGC	RGC		
RUN3	Q4::11	Q4	RGC	RGC	majority	RGC	RGC	RGC	RGC	RGC	RGC		
RUN3	Q4::12	Q4	RGC	RGC	majority	RGC	RGC	RGC	RGC	RGC	RGC		
RUN3	Q4::13	Q4	MG	MG	majority	MG	MG	MG	MG	MG	MG		
RUN3	Q4::14	Q4	BC		abstain3								
RUN3	Q4::15	Q4	BC		abstain3								
RUN3	Q4::16	Q4	RGC	RGC	majority	RGC	RGC	RGC	RGC	RGC	RGC		
RUN3	Q4::17	Q4	RGC	RGC	majority	RGC	RGC	RGC	RGC	RGC	RGC		
RUN3	Q4::18	Q4	Rod	Rod	majority	Rod	Rod	Rod	Rod	Rod	Rod		
RUN3	Q4::19	Q4	BC		abstain3			BC					
RUN3	Q4::2	Q4	AC		abstain3	AC		AC					
RUN3	Q4::20	Q4	MG		tie	MG				MG			2
RUN3	Q4::21	Q4	MG	MG	majority	MG	MG	MG	MG	MG	MG		
RUN3	Q4::22	Q4	BC		abstain3								
RUN3	Q4::23	Q4	BC	BC	majority	BC	BC	BC	BC	BC	BC		
RUN3	Q4::24	Q4	BC	BC	majority	BC	BC	BC	BC	BC	BC		
RUN3	Q4::25	Q4	BC		tie	BC		BC					0
RUN3	Q4::26	Q4	BC		tie	BC		BC		BC			1
RUN3	Q4::27	Q4	BC		tie	BC				BC			1
RUN3	Q4::28	Q4	BC	BC	majority	BC	BC	BC	BC	BC	BC		
RUN3	Q4::29	Q4	BC	BC	majority	BC	BC	BC	BC	BC	BC		
RUN3	Q4::3	Q4	AC	AC	majority	AC	AC	AC	AC	AC	AC		
RUN3	Q4::30	Q4	MG		tie	MG		MG		MG			2
RUN3	Q4::31	Q4	Astro		tie	MG				MG			2
RUN3	Q4::32	Q4	MG	MG	majority	MG	MG	MG	MG	MG	MG		
RUN3	Q4::33	Q4	Micro	Micro	majority	Micro	Micro	Micro	Micro	Micro	Micro		
RUN3	Q4::34	Q4			abstain3								
RUN3	Q4::35	Q4	MG	MG	majority	MG	MG	MG	MG	MG	MG		
RUN3	Q4::36	Q4	MG	MG	majority	MG	MG	MG	MG	MG	MG		
RUN3	Q4::37	Q4	MG	MG	majority	MG	MG	MG	MG	MG	MG		
RUN3	Q4::38	Q4	Cone	Cone	majority	Cone	Cone	Cone	Cone	Cone	Cone		
RUN3	Q4::39	Q4	Rod	Rod	majority	Rod	Rod	Rod	Rod	Rod	Rod		
RUN3	Q4::4	Q4	AC		tie	AC				AC			1
RUN3	Q4::5	Q4	AC		tie	AC				AC			1
RUN3	Q4::6	Q4	AC	AC	majority	AC	AC	AC	AC	AC	AC		
RUN3	Q4::7	Q4	RGC	RGC	majority	RGC	RGC	RGC	RGC	RGC	RGC		
RUN3	Q4::8	Q4	HC		tie	HC				HC			1
RUN3	Q4::9	Q4	BC		abstain3								
RUN3	Q5b::0	Q5b	Rod	Rod	majority	Rod	Rod	Rod	Rod	Rod	Rod		
RUN3	Q5b::1	Q5b	Rod	Rod	majority	Rod	Rod	Rod	Rod	Rod	Rod		
RUN3	Q5b::10	Q5b	BC		abstain3								
RUN3	Q5b::11	Q5b	BC	BC	majority	BC	BC	BC	BC	BC	BC		
RUN3	Q5b::12	Q5b			tie	MG							0
RUN3	Q5b::13	Q5b	BC		abstain3								
RUN3	Q5b::14	Q5b	BC		abstain3								
RUN3	Q5b::15	Q5b	BC		tie	BC		BC		BC			2
RUN3	Q5b::16	Q5b	BC		abstain3								
RUN3	Q5b::17	Q5b	BC	BC	majority	BC	BC	BC	BC	BC	BC		
RUN3	Q5b::18	Q5b	Cone	Cone	majority	Cone	Cone	Cone	Cone	Cone	Cone		
RUN3	Q5b::19	Q5b	HC		abstain3								
RUN3	Q5b::2	Q5b	Rod	Rod	majority	Rod	Rod	Rod	Rod	Rod	Rod		
RUN3	Q5b::20	Q5b	HC		abstain3								
RUN3	Q5b::21	Q5b	BC	BC	majority	BC	BC	BC	BC	BC	BC		
RUN3	Q5b::22	Q5b	BC		abstain3								
RUN3	Q5b::23	Q5b	BC		abstain3			AC					
RUN3	Q5b::24	Q5b	Rod	Rod	majority	Rod	Rod	Rod	Rod	Rod	Rod		
RUN3	Q5b::25	Q5b	AC		tie	AC							0
RUN3	Q5b::26	Q5b	Cone	Cone	majority	Cone	Cone	Cone	Cone	Cone	Cone		
RUN3	Q5b::27	Q5b	AC		tie	AC							0
RUN3	Q5b::28	Q5b	BC		tie	BC				BC			2
RUN3	Q5b::29	Q5b	BC	BC	majority	BC	BC	BC	BC	BC	BC		
RUN3	Q5b::3	Q5b	Rod	Rod	majority	Rod	Rod	Rod	Rod	Rod	Rod		
RUN3	Q5b::30	Q5b	AC		abstain3								
RUN3	Q5b::31	Q5b	AC		abstain3								
RUN3	Q5b::32	Q5b	AC		abstain3								
RUN3	Q5b::33	Q5b	AC		abstain3								
RUN3	Q5b::35	Q5b	AC		abstain3								
RUN3	Q5b::36	Q5b	AC		tie	RGC							0
RUN3	Q5b::37	Q5b	AC		abstain3								
RUN3	Q5b::38	Q5b	AC		abstain3								
RUN3	Q5b::39	Q5b			tie				Astro	Astro		"{""Astro"": 1, ""MG"": 0}"	
RUN3	Q5b::4	Q5b	Rod	Rod	majority	Rod	Rod	Rod	Rod	Rod	Rod		
RUN3	Q5b::40	Q5b	AC	AC	majority	AC	AC	AC	AC	AC	AC		
RUN3	Q5b::41	Q5b	AC		abstain3								
RUN3	Q5b::42	Q5b	AC		abstain3								
RUN3	Q5b::43	Q5b	BC		abstain3								
RUN3	Q5b::44	Q5b	AC		abstain3								
RUN3	Q5b::45	Q5b	AC		abstain3								
RUN3	Q5b::46	Q5b			tie	MG				MG			1
RUN3	Q5b::47	Q5b	AC		abstain3								
RUN3	Q5b::5	Q5b		MG	majority	MG	MG	MG	MG	MG	MG		
RUN3	Q5b::6	Q5b	Rod	Rod	majority	Rod	Rod	Rod	Rod	Rod	Rod		
RUN3	Q5b::7	Q5b	Rod	Rod	majority	Rod	Rod	Rod	Rod	Rod	Rod		
RUN3	Q5b::8	Q5b	Rod	Rod	majority	Rod	Rod	Rod	Rod	Rod	Rod		
RUN3	Q5b::9	Q5b	Rod	Rod	majority	Rod	Rod	Rod	Rod	Rod	Rod		
RUN3	Q6::0	Q6	Epithelium		tie	Epithelium		Epithelium					0
RUN3	Q6::1	Q6	Epithelium		tie	Epithelium		Epithelium					0
RUN3	Q6::11	Q6	Endothelium	Endothelium	majority	Endothelium	Endothelium	Endothelium	Endothelium	Endothelium	Endothelium		
RUN3	Q6::12	Q6	Fibroblasts		abstain3								
RUN3	Q6::13	Q6	Fibroblasts		tie	Fibroblasts	Fibroblasts	Fibroblasts		Fibroblasts			1
RUN3	Q6::14	Q6	Fibroblasts		abstain3								
RUN3	Q6::15	Q6	Fibroblasts	Fibroblasts	majority	Fibroblasts	Fibroblasts	Fibroblasts	Fibroblasts	Fibroblasts	Fibroblasts		
RUN3	Q6::16	Q6	Fibroblasts		tie	Fibroblasts							0
RUN3	Q6::17	Q6	Schwann Cells	Schwann Cells	majority	Schwann Cells	Schwann Cells	Schwann Cells	Schwann Cells	Schwann Cells	Schwann Cells		
RUN3	Q6::18	Q6	Fibroblasts		abstain3								
RUN3	Q6::19	Q6	Fibroblasts	Fibroblasts	majority	Fibroblasts	Fibroblasts	Fibroblasts	Fibroblasts	Fibroblasts	Fibroblasts		
RUN3	Q6::2	Q6	Epithelium		tie	Epithelium		Epithelium		Epithelium			3
RUN3	Q6::20	Q6	Epithelium	Epithelium	majority	Epithelium	Epithelium	Epithelium	Epithelium	Epithelium	Epithelium		
RUN3	Q6::21	Q6	Fibroblasts	Fibroblasts	majority	Fibroblasts	Fibroblasts	Fibroblasts	Fibroblasts	Fibroblasts	Fibroblasts		
RUN3	Q6::22	Q6	Fibroblasts	Fibroblasts	majority	Fibroblasts	Fibroblasts	Fibroblasts	Fibroblasts	Fibroblasts	Fibroblasts		
RUN3	Q6::23	Q6	Epithelium	Epithelium	majority	Epithelium	Epithelium	Epithelium	Epithelium	Epithelium	Epithelium		
RUN3	Q6::24	Q6	Pericytes	Smooth Muscle Cells	majority	Smooth Muscle Cells	Smooth Muscle Cells	Smooth Muscle Cells	Smooth Muscle Cells	Smooth Muscle Cells	Smooth Muscle Cells		
RUN3	Q6::25	Q6	Melanocytes	Melanocytes	majority	Melanocytes	Melanocytes	Melanocytes	Melanocytes	Melanocytes	Melanocytes		
RUN3	Q6::26	Q6	Immune Cells		tie	Immune Cells		Immune Cells		Immune Cells			3
RUN3	Q6::27	Q6	Fibroblasts		abstain3								
RUN3	Q6::28	Q6	Fibroblasts		tie	Fibroblasts		Fibroblasts		Fibroblasts			3
RUN3	Q6::29	Q6	Epithelium	Epithelium	majority	Epithelium	Epithelium	Epithelium	Epithelium	Epithelium	Epithelium		
RUN3	Q6::3	Q6	Epithelium		tie	Immune Cells				Immune Cells			2
RUN3	Q6::30	Q6	Epithelium		abstain3								
RUN3	Q6::31	Q6	Fibroblasts		tie				Pericytes	Pericytes		"{""Fibroblasts"": 0, ""Pericytes"": 1}"	
RUN3	Q6::32	Q6	Smooth Muscle Cells	Smooth Muscle Cells	majority	Smooth Muscle Cells	Smooth Muscle Cells	Smooth Muscle Cells	Smooth Muscle Cells	Smooth Muscle Cells	Smooth Muscle Cells		
RUN3	Q6::33	Q6	Fibroblasts	Fibroblasts	majority	Fibroblasts	Fibroblasts	Fibroblasts	Fibroblasts	Fibroblasts	Fibroblasts		
RUN3	Q6::4	Q6	Epithelium	Epithelium	majority	Epithelium	Epithelium	Epithelium	Epithelium	Epithelium	Epithelium		
RUN3	Q6::5	Q6	Epithelium	Epithelium	majority	Epithelium	Epithelium	Epithelium	Epithelium	Epithelium	Epithelium		
RUN3	Q6::6	Q6	Epithelium	Epithelium	majority	Epithelium	Epithelium	Epithelium	Epithelium	Epithelium	Epithelium		
RUN3	Q6::7	Q6	Endothelium	Endothelium	majority	Endothelium	Endothelium	Endothelium	Endothelium	Endothelium	Endothelium		
RUN3	Q6::8	Q6	Immune Cells		tie	Immune Cells		Immune Cells		Immune Cells			1
RUN3	Q6::9	Q6	Epithelium	Epithelium	majority	Epithelium	Epithelium	Epithelium	Epithelium	Epithelium	Epithelium		
RUN3	Q7::0	Q7	Rod	Rod	majority	Rod	Rod	Rod	Rod	Rod	Rod		
RUN3	Q7::1	Q7	BC		abstain3			BC					
RUN3	Q7::10	Q7	AC		abstain3			AC					
RUN3	Q7::11	Q7	AC		tie	AC		AC		AC			1
RUN3	Q7::12	Q7	AC	AC	majority	AC	AC	AC	AC	AC	AC		
RUN3	Q7::13	Q7	Cone	Cone	majority	Cone	Cone	Cone	Cone	Cone	Cone		
RUN3	Q7::14	Q7	RPE	RPE	majority	RPE	RPE	RPE	RPE	RPE	RPE		
RUN3	Q7::15	Q7	BC		tie	Cone							0
RUN3	Q7::17	Q7	Rod	Rod	majority	Rod	Rod	Rod	Rod	Rod	Rod		
RUN3	Q7::18	Q7	Rod	Rod	majority	Rod	Rod	Rod	Rod	Rod	Rod		
RUN3	Q7::19	Q7	Rod	Rod	majority	Rod	Rod	Rod	Rod	Rod	Rod		
RUN3	Q7::20	Q7	Rod		tie	Rod		Rod		Rod			1
RUN3	Q7::21	Q7	BC		abstain3								
RUN3	Q7::22	Q7	BC		abstain3								
RUN3	Q7::23	Q7	BC		abstain3								
RUN3	Q7::24	Q7	AC		tie	AC				AC			2
RUN3	Q7::25	Q7	AC	AC	majority	AC	AC	AC	AC	AC	AC		
RUN3	Q7::26	Q7	BC		tie	AC							0
RUN3	Q7::27	Q7	BC		abstain3								
RUN3	Q7::29	Q7	BC	BC	majority	BC	BC	BC	BC	BC	BC		
RUN3	Q7::3	Q7	Micro	Micro	majority	Micro	Micro	Micro	Micro	Micro	Micro		
RUN3	Q7::30	Q7	BC		abstain3								
RUN3	Q7::31	Q7	AC	AC	majority	AC	AC	AC	AC	AC	AC		
RUN3	Q7::32	Q7	BC	BC	majority	BC	BC	BC	BC	BC	BC		
RUN3	Q7::33	Q7	RGC	RGC	majority	RGC	RGC	RGC	RGC	RGC	RGC		
RUN3	Q7::34	Q7	RGC	RGC	majority	RGC	RGC	RGC	RGC	RGC	RGC		
RUN3	Q7::35	Q7	RGC	RGC	majority	RGC	RGC	RGC	RGC	RGC	RGC		
RUN3	Q7::36	Q7	RGC		tie	RGC							0
RUN3	Q7::37	Q7	RGC	RGC	majority	RGC	RGC	RGC	RGC	RGC	RGC		
RUN3	Q7::38	Q7	BC		tie	BC				BC			2
RUN3	Q7::39	Q7	AC	AC	majority	AC	AC	AC	AC	AC	AC		
RUN3	Q7::4	Q7	BC	BC	majority	BC	BC	BC	BC	BC	BC		
RUN3	Q7::40	Q7	BC		abstain3								
RUN3	Q7::41	Q7	RGC	RGC	majority	RGC	RGC	RGC	RGC	RGC	RGC		
RUN3	Q7::42	Q7	AC	AC	majority	AC	AC	AC	AC	AC	AC		
RUN3	Q7::43	Q7	RGC	RGC	majority	RGC	RGC	RGC	RGC	RGC	RGC		
RUN3	Q7::44	Q7	RGC	RGC	majority	RGC	RGC	RGC	RGC	RGC	RGC		
RUN3	Q7::46	Q7	RGC	RGC	majority	RGC	RGC	RGC	RGC	RGC	RGC		
RUN3	Q7::47	Q7	RGC	RGC	majority	RGC	RGC	RGC	RGC	RGC	RGC		
RUN3	Q7::48	Q7	Rod	Rod	majority	Rod	Rod	Rod	Rod	Rod	Rod		
RUN3	Q7::49	Q7	RGC	RGC	majority	RGC	RGC	RGC	RGC	RGC	RGC		
RUN3	Q7::5	Q7	MG		abstain3								
RUN3	Q7::50	Q7	RGC	RGC	majority	RGC	RGC	RGC	RGC	RGC	RGC		
RUN3	Q7::51	Q7	RGC	RGC	majority	RGC	RGC	RGC	RGC	RGC	RGC		
RUN3	Q7::52	Q7	RGC	RGC	majority	RGC	RGC	RGC	RGC	RGC	RGC		
RUN3	Q7::53	Q7	RGC	RGC	majority	RGC	RGC	RGC	RGC	RGC	RGC		
RUN3	Q7::54	Q7	BC		tie	BC		BC		BC			2
RUN3	Q7::57	Q7	RGC		tie	RGC							0
RUN3	Q7::58	Q7	RGC	RGC	majority	RGC	RGC	RGC	RGC	RGC	RGC		
RUN3	Q7::59	Q7	BC	BC	majority	BC	BC	BC	BC	BC	BC		
RUN3	Q7::6	Q7	MG	MG	majority	MG	MG	MG	MG	MG	MG		
RUN3	Q7::60	Q7	BC	BC	majority	BC	BC	BC	BC	BC	BC		
RUN3	Q7::61	Q7	AC		abstain3								
RUN3	Q7::62	Q7	BC		tie	BC				BC			3
RUN3	Q7::63	Q7	BC	BC	majority	BC	BC	BC	BC	BC	BC		
RUN3	Q7::64	Q7	RGC	RGC	majority	RGC	RGC	RGC	RGC	RGC	RGC		
RUN3	Q7::7	Q7	AC	AC	majority	AC	AC	AC	AC	AC	AC		
RUN3	Q7::8	Q7	AC	AC	majority	AC	AC	AC	AC	AC	AC		
RUN3	Q7::9	Q7	AC		tie	AC				AC			2
RUN3	Q8::0	Q8	retinal bipolar neuron		abstain3								
RUN3	Q8::1	Q8	retinal progenitor cell		abstain3								
RUN3	Q8::10	Q8	retinal rod cell		abstain3								
RUN3	Q8::11	Q8	diffuse bipolar 1 cell		abstain3								
RUN3	Q8::12	Q8	invaginating midget bipolar cell		abstain3								
RUN3	Q8::13	Q8	retinal ganglion cell		abstain3			dev-neuron					
RUN3	Q8::14	Q8	retinal progenitor cell		abstain3								
RUN3	Q8::15	Q8	retinal progenitor cell		abstain3								
RUN3	Q8::16	Q8	retinal progenitor cell		abstain3								
RUN3	Q8::17	Q8	retinal progenitor cell		abstain3								
RUN3	Q8::18	Q8	retinal progenitor cell		tie	Astro				Astro			1
RUN3	Q8::19	Q8	GABAergic amacrine cell		abstain3								
RUN3	Q8::2	Q8	retinal rod cell		abstain3			dev-photoreceptor					
RUN3	Q8::20	Q8	GABAergic amacrine cell		abstain3								
RUN3	Q8::21	Q8	retinal progenitor cell		tie	RPC							0
RUN3	Q8::22	Q8	GABAergic amacrine cell		abstain3								
RUN3	Q8::23	Q8	GABAergic amacrine cell		abstain3								
RUN3	Q8::24	Q8	amacrine cell		abstain3								
RUN3	Q8::25	Q8	retinal progenitor cell		abstain3								
RUN3	Q8::26	Q8	retina horizontal cell		abstain3								
RUN3	Q8::27	Q8	starburst amacrine cell		abstain3								
RUN3	Q8::28	Q8	retinal progenitor cell		abstain3								
RUN3	Q8::29	Q8	retinal cone cell		abstain3								
RUN3	Q8::3	Q8	retinal ganglion cell	RGC	majority	RGC	RGC	RGC	RGC	RGC	RGC		
RUN3	Q8::30	Q8	retinal cone cell		abstain3								
RUN3	Q8::31	Q8	diffuse bipolar 3b cell		abstain3								
RUN3	Q8::32	Q8	ON-bipolar cell		abstain3								
RUN3	Q8::33	Q8	flat midget bipolar cell		abstain3								
RUN3	Q8::34	Q8	retinal progenitor cell		abstain3								
RUN3	Q8::4	Q8	retinal ganglion cell		tie	RGC				RGC			1
RUN3	Q8::5	Q8	midget ganglion cell of retina		tie	RGC				RGC			1
RUN3	Q8::6	Q8	midget ganglion cell of retina		tie	RGC				RGC			1
RUN3	Q8::7	Q8	retinal ganglion cell		abstain3								
RUN3	Q8::8	Q8	glycinergic amacrine cell		abstain3								
RUN3	Q8::9	Q8	GABAergic amacrine cell		abstain3								
RUN3	Q9::0	Q9			abstain3								
RUN3	Q9::1	Q9			abstain3								
RUN3	Q9::10	Q9			tie							"{""Immune Cells"": 0, ""Micro"": 0}"	
RUN3	Q9::11	Q9			tie	Mac_DAM_LAM		Mac_DAM_LAM					0
RUN3	Q9::12	Q9			tie	Immune Cells		Immune Cells					0
RUN3	Q9::13	Q9			abstain3								
RUN3	Q9::14	Q9			abstain3								
RUN3	Q9::15	Q9			tie	Immune Cells		Immune Cells					0
RUN3	Q9::16	Q9		Endothelium	majority	Endothelium	Endothelium	Endothelium	Endothelium	Endothelium	Endothelium		
RUN3	Q9::17	Q9			tie	Fibroblasts							0
RUN3	Q9::19	Q9		Pericytes	majority	Pericytes	Pericytes	Pericytes	Pericytes	Pericytes	Pericytes		
RUN3	Q9::2	Q9			tie	Mac_DAM_LAM		Mac_DAM_LAM					0
RUN3	Q9::3	Q9			abstain3			Proliferating					
RUN3	Q9::6	Q9			tie	Mac_DAM_LAM		Mac_DAM_LAM					0
RUN3	Q9::7	Q9			tie	Immune Cells		Immune Cells					0
RUN3	Q9::8	Q9			tie	Immune Cells		Immune Cells					0
RUN3	Q9::9	Q9			tie	Mac_Tissue		Mac_Tissue					0
RUN4-r	Q1::1	Q1	Rod		abstain3								
RUN4-r	Q1::4	Q1	Rod		tie	Rod							0
RUN4-r	Q1::9	Q1	Rod		abstain3								
RUN4-r	Q2::22	Q2	Astro	MG	majority	MG	MG	MG	MG	MG	MG		
RUN4-r	Q2::27	Q2	Cone	Cone	majority	Cone	Cone	Cone	Cone	Cone	Cone		
RUN4-r	Q2::4	Q2	MG	MG	majority	MG	MG	MG	MG	MG	MG		
RUN4-r	Q3::13	Q3	RGC	Rod	majority	Rod	Rod	Rod	Rod	Rod	Rod		
RUN4-r	Q3::4	Q3	BC	BC	majority	BC	BC	BC	BC	BC	BC		
RUN4-r	Q3::5	Q3	BC	BC	majority	BC	BC	BC	BC	BC	BC		
RUN4-r	Q3::8	Q3	MG	MG	majority	MG	MG	MG	MG	MG	MG		
RUN4-r	Q4::14	Q4	BC	BC	majority	BC	BC	BC	BC	BC	BC		
RUN4-r	Q4::15	Q4	BC		tie	BC							0
RUN4-r	Q4::19	Q4	BC	BC	majority	BC	BC	BC	BC	BC	BC		
RUN4-r	Q4::23	Q4	BC	BC	majority	BC	BC	BC	BC	BC	BC		
RUN4-r	Q4::24	Q4	BC	BC	majority	BC	BC	BC	BC	BC	BC		
RUN4-r	Q4::29	Q4	BC	BC	majority	BC	BC	BC	BC	BC	BC		
RUN4-r	Q4::32	Q4	MG	MG	majority	MG	MG	MG	MG	MG	MG		
RUN4-r	Q4::37	Q4	MG	MG	majority	MG	MG	MG	MG	MG	MG		
RUN4-r	Q4::39	Q4	Rod	Rod	majority	Rod	Rod	Rod	Rod	Rod	Rod		
RUN4-r	Q4::9	Q4	BC	BC	majority	BC	BC	BC	BC	BC	BC		
RUN4-r	Q5b::13	Q5b	BC		tie	AC							0
RUN4-r	Q5b::16	Q5b	BC	BC	majority	BC	BC	BC	BC	BC	BC		
RUN4-r	Q5b::17	Q5b	BC	BC	majority	BC	BC	BC	BC	BC	BC		
RUN4-r	Q5b::19	Q5b	HC	HC	majority	HC	HC	HC	HC	HC	HC		
RUN4-r	Q5b::2	Q5b	Rod	Rod	majority	Rod	Rod	Rod	Rod	Rod	Rod		
RUN4-r	Q5b::20	Q5b	HC	HC	majority	HC	HC	HC	HC	HC	HC		
RUN4-r	Q5b::23	Q5b	BC	BC	majority	BC	BC	BC	BC	BC	BC		
RUN4-r	Q5b::3	Q5b	Rod	Rod	majority	Rod	Rod	Rod	Rod	Rod	Rod		
RUN4-r	Q5b::31	Q5b	AC	AC	majority	AC	AC	AC	AC	AC	AC		
RUN4-r	Q5b::32	Q5b	AC	AC	majority	AC	AC	AC	AC	AC	AC		
RUN4-r	Q5b::35	Q5b	AC	AC	majority	AC	AC	AC	AC	AC	AC		
RUN4-r	Q5b::42	Q5b	AC	AC	majority	AC	AC	AC	AC	AC	AC		
RUN4-r	Q5b::43	Q5b	BC		abstain3								
RUN4-r	Q5b::45	Q5b	AC	AC	majority	AC	AC	AC	AC	AC	AC		
RUN4-r	Q5b::8	Q5b	Rod	Rod	majority	Rod	Rod	Rod	Rod	Rod	Rod		
RUN4-r	Q7::1	Q7	BC	BC	majority	BC	BC	BC	BC	BC	BC		
RUN4-r	Q7::10	Q7	AC	AC	majority	AC	AC	AC	AC	AC	AC		
RUN4-r	Q7::18	Q7	Rod	Rod	majority	Rod	Rod	Rod	Rod	Rod	Rod		
RUN4-r	Q7::3	Q7	Micro	Micro	majority	Micro	Micro	Micro	Micro	Micro	Micro		
RUN4-r	Q7::42	Q7	AC	AC	majority	AC	AC	AC	AC	AC	AC		
RUN4-r	Q7::46	Q7	RGC	RGC	majority	RGC	RGC	RGC	RGC	RGC	RGC		
RUN4-r	Q7::52	Q7	RGC	RGC	majority	RGC	RGC	RGC	RGC	RGC	RGC		
RUN4-r	Q7::58	Q7	RGC	RGC	majority	RGC	RGC	RGC	RGC	RGC	RGC		
RUN4-r	Q7::63	Q7	BC	BC	majority	BC	BC	BC	BC	BC	BC		
RUN4-r	Q7::8	Q7	AC	AC	majority	AC	AC	AC	AC	AC	AC		
RUN5	Q6::13	Q6	Fibroblasts		tie	Fibroblasts	Fibroblasts	Fibroblasts		Fibroblasts			1
RUN5	Q6::15	Q6	Fibroblasts		tie	Fibroblasts		Fibroblasts		Fibroblasts			3
RUN5	Q6::23	Q6	Epithelium	Epithelium	majority	Epithelium	Epithelium	Epithelium	Epithelium	Epithelium	Epithelium		
RUN5	Q6::24	Q6	Pericytes	Smooth Muscle Cells	majority	Smooth Muscle Cells	Smooth Muscle Cells	Smooth Muscle Cells	Smooth Muscle Cells	Smooth Muscle Cells	Smooth Muscle Cells		
RUN5	Q6::6	Q6	Epithelium	Epithelium	majority	Epithelium	Epithelium	Epithelium	Epithelium	Epithelium	Epithelium		
RUN5	Q6::9	Q6	Epithelium	Epithelium	majority	Epithelium	Epithelium	Epithelium	Epithelium	Epithelium	Epithelium		
RUN5	Q6::12	Q6	Fibroblasts		abstain3								
RUN5	Q6::11	Q6	Endothelium	Endothelium	majority	Endothelium	Endothelium	Endothelium	Endothelium	Endothelium	Endothelium		
RUN5	Q6::21	Q6	Fibroblasts	Fibroblasts	majority	Fibroblasts	Fibroblasts	Fibroblasts	Fibroblasts	Fibroblasts	Fibroblasts		
RUN5	Q6::20	Q6	Epithelium	Epithelium	majority	Epithelium	Epithelium	Epithelium	Epithelium	Epithelium	Epithelium		
RUN5	Q6::1	Q6	Epithelium	Epithelium	majority	Epithelium	Epithelium	Epithelium	Epithelium	Epithelium	Epithelium		
RUN5	Q6::4	Q6	Epithelium	Epithelium	majority	Epithelium	Epithelium	Epithelium	Epithelium	Epithelium	Epithelium		
RUN5	Q6::2	Q6	Epithelium		tie	Epithelium				Epithelium			3
RUN5	Q6::0	Q6	Epithelium	Epithelium	majority	Epithelium	Epithelium	Epithelium	Epithelium	Epithelium	Epithelium		
RUN5	Q6::19	Q6	Fibroblasts	Fibroblasts	majority	Fibroblasts	Fibroblasts	Fibroblasts	Fibroblasts	Fibroblasts	Fibroblasts		
RUN5	Q6::5	Q6	Epithelium	Epithelium	majority	Epithelium	Epithelium	Epithelium	Epithelium	Epithelium	Epithelium		
RUN5	Q6::14	Q6	Fibroblasts	Fibroblasts	majority	Fibroblasts	Fibroblasts	Fibroblasts	Fibroblasts	Fibroblasts	Fibroblasts		
RUN5	Q6::18	Q6	Fibroblasts		tie	Pericytes				Pericytes			1
RUN5	Q6::27	Q6	Fibroblasts		tie	Immune Cells							0
RUN5	Q6::3	Q6	Epithelium	Epithelium	majority	Epithelium	Epithelium	Epithelium	Epithelium	Epithelium	Epithelium		
RUN5	Q6::22	Q6	Fibroblasts		abstain3			Fibroblasts					
RUN5	Q6::33	Q6	Fibroblasts	Fibroblasts	majority	Fibroblasts	Fibroblasts	Fibroblasts	Fibroblasts	Fibroblasts	Fibroblasts		
RUN5	Q6::16	Q6	Fibroblasts		abstain3								
RUN5	Q6::25	Q6	Melanocytes	Melanocytes	majority	Melanocytes	Melanocytes	Melanocytes	Melanocytes	Melanocytes	Melanocytes		
RUN5	Q6::28	Q6	Fibroblasts		tie	Keratocytes		Fibroblasts					0
RUN5	Q6::31	Q6	Fibroblasts		tie	Pericytes	Pericytes	Pericytes		Pericytes			1
RUN5	Q6::17	Q6	Schwann Cells	Schwann Cells	majority	Schwann Cells	Schwann Cells	Schwann Cells	Schwann Cells	Schwann Cells	Schwann Cells		
RUN5	Q6::8	Q6	Immune Cells	Immune Cells	majority	Immune Cells	Immune Cells	Immune Cells	Immune Cells	Immune Cells	Immune Cells		
RUN5	Q6::26	Q6	Immune Cells	Immune Cells	majority	Immune Cells	Immune Cells	Immune Cells	Immune Cells	Immune Cells	Immune Cells		
RUN5	Q6::29	Q6	Epithelium	Epithelium	majority	Epithelium	Epithelium	Epithelium	Epithelium	Epithelium	Epithelium		
RUN5	Q6::7	Q6	Endothelium	Endothelium	majority	Endothelium	Endothelium	Endothelium	Endothelium	Endothelium	Endothelium		
RUN5	Q6::32	Q6	Smooth Muscle Cells	Smooth Muscle Cells	majority	Smooth Muscle Cells	Smooth Muscle Cells	Smooth Muscle Cells	Smooth Muscle Cells	Smooth Muscle Cells	Smooth Muscle Cells		
RUN5	Q6::30	Q6	Epithelium		abstain3	Immune Cells							
KB9	Q6::13	Q6	Fibroblasts	Fibroblasts	majority	Fibroblasts	Fibroblasts	Fibroblasts	Fibroblasts	Fibroblasts	Fibroblasts		
KB9	Q6::15	Q6	Fibroblasts	Fibroblasts	majority	Fibroblasts	Fibroblasts	Fibroblasts	Fibroblasts	Fibroblasts	Fibroblasts		
KB9	Q6::23	Q6	Epithelium	Epithelium	majority	Epithelium	Epithelium	Epithelium	Epithelium	Epithelium	Epithelium		
KB9	Q6::24	Q6	Pericytes	Smooth Muscle Cells	majority	Smooth Muscle Cells	Smooth Muscle Cells	Smooth Muscle Cells	Smooth Muscle Cells	Smooth Muscle Cells	Smooth Muscle Cells		
KB9	Q6::6	Q6	Epithelium	Epithelium	majority	Epithelium	Epithelium	Epithelium	Epithelium	Epithelium	Epithelium		
KB9	Q6::9	Q6	Epithelium	Epithelium	majority	Epithelium	Epithelium	Epithelium	Epithelium	Epithelium	Epithelium		
KB9	Q6::12	Q6	Fibroblasts		abstain3								
KB9	Q6::11	Q6	Endothelium	Endothelium	majority	Endothelium	Endothelium	Endothelium	Endothelium	Endothelium	Endothelium		
KB9	Q6::21	Q6	Fibroblasts		tie			Fibroblasts	Fibroblasts	Fibroblasts		"{""Fibroblasts"": 1, ""Keratocytes"": 0}"	
KB9	Q6::20	Q6	Epithelium	Epithelium	majority	Epithelium	Epithelium	Epithelium	Epithelium	Epithelium	Epithelium		
KB9	Q6::1	Q6	Epithelium	Epithelium	majority	Epithelium	Epithelium	Epithelium	Epithelium	Epithelium	Epithelium		
KB9	Q6::4	Q6	Epithelium	Epithelium	majority	Epithelium	Epithelium	Epithelium	Epithelium	Epithelium	Epithelium		
KB9	Q6::2	Q6	Epithelium	Epithelium	majority	Epithelium	Epithelium	Epithelium	Epithelium	Epithelium	Epithelium		
KB9	Q6::0	Q6	Epithelium	Epithelium	majority	Epithelium	Epithelium	Epithelium	Epithelium	Epithelium	Epithelium		
KB9	Q6::19	Q6	Fibroblasts	Fibroblasts	majority	Fibroblasts	Fibroblasts	Fibroblasts	Fibroblasts	Fibroblasts	Fibroblasts		
KB9	Q6::5	Q6	Epithelium	Epithelium	majority	Epithelium	Epithelium	Epithelium	Epithelium	Epithelium	Epithelium		
KB9	Q6::14	Q6	Fibroblasts	Fibroblasts	majority	Fibroblasts	Fibroblasts	Fibroblasts	Fibroblasts	Fibroblasts	Fibroblasts		
KB9	Q6::18	Q6	Fibroblasts		tie	Fibroblasts							0
KB9	Q6::27	Q6	Fibroblasts		tie	Immune Cells							0
KB9	Q6::3	Q6	Epithelium	Epithelium	majority	Epithelium	Epithelium	Epithelium	Epithelium	Epithelium	Epithelium		
KB9	Q6::22	Q6	Fibroblasts	Fibroblasts	majority	Fibroblasts	Fibroblasts	Fibroblasts	Fibroblasts	Fibroblasts	Fibroblasts		
KB9	Q6::33	Q6	Fibroblasts	Fibroblasts	majority	Fibroblasts	Fibroblasts	Fibroblasts	Fibroblasts	Fibroblasts	Fibroblasts		
KB9	Q6::16	Q6	Fibroblasts		tie	Fibroblasts	Fibroblasts	Fibroblasts					0
KB9	Q6::25	Q6	Melanocytes	Melanocytes	majority	Melanocytes	Melanocytes	Melanocytes	Melanocytes	Melanocytes	Melanocytes		
KB9	Q6::28	Q6	Fibroblasts		tie	Fibroblasts		Fibroblasts		Fibroblasts			3
KB9	Q6::31	Q6	Fibroblasts		abstain3			Fibroblasts					
KB9	Q6::17	Q6	Schwann Cells	Schwann Cells	majority	Schwann Cells	Schwann Cells	Schwann Cells	Schwann Cells	Schwann Cells	Schwann Cells		
KB9	Q6::8	Q6	Immune Cells	Immune Cells	majority	Immune Cells	Immune Cells	Immune Cells	Immune Cells	Immune Cells	Immune Cells		
KB9	Q6::26	Q6	Immune Cells		tie	Immune Cells	Immune Cells	Immune Cells		Immune Cells			3
KB9	Q6::29	Q6	Epithelium		tie	Epithelium	Epithelium	Epithelium		Epithelium			1
KB9	Q6::7	Q6	Endothelium	Endothelium	majority	Endothelium	Endothelium	Endothelium	Endothelium	Endothelium	Endothelium		
KB9	Q6::32	Q6	Smooth Muscle Cells	Smooth Muscle Cells	majority	Smooth Muscle Cells	Smooth Muscle Cells	Smooth Muscle Cells	Smooth Muscle Cells	Smooth Muscle Cells	Smooth Muscle Cells		
KB9	Q6::30	Q6	Epithelium		tie	Epithelium	Epithelium	Epithelium		Epithelium			2
FACEV21	Q1::1	Q1	Rod		tie	Rod							0
FACEV21	Q1::4	Q1	Rod	Rod	majority	Rod	Rod	Rod	Rod	Rod	Rod		
FACEV21	Q1::9	Q1	Rod		tie	Rod							0
FACEV21	Q2::22	Q2	Astro	Astro	majority	Astro	Astro	Astro	Astro	Astro	Astro		
FACEV21	Q2::27	Q2	Cone	Cone	majority	Cone	Cone	Cone	Cone	Cone	Cone		
FACEV21	Q2::4	Q2	MG	MG	majority	MG	MG	MG	MG	MG	MG		
FACEV21	Q3::13	Q3	RGC		tie	Rod				Rod			1
FACEV21	Q3::4	Q3	BC	BC	majority	BC	BC	BC	BC	BC	BC		
FACEV21	Q3::5	Q3	BC	BC	majority	BC	BC	BC	BC	BC	BC		
FACEV21	Q3::8	Q3	MG	MG	majority	MG	MG	MG	MG	MG	MG		
FACEV21	Q4::14	Q4	BC	BC	majority	BC	BC	BC	BC	BC	BC		
FACEV21	Q4::15	Q4	BC	BC	majority	BC	BC	BC	BC	BC	BC		
FACEV21	Q4::19	Q4	BC	BC	majority	BC	BC	BC	BC	BC	BC		
FACEV21	Q4::23	Q4	BC	BC	majority	BC	BC	BC	BC	BC	BC		
FACEV21	Q4::24	Q4	BC	BC	majority	BC	BC	BC	BC	BC	BC		
FACEV21	Q4::29	Q4	BC	BC	majority	BC	BC	BC	BC	BC	BC		
FACEV21	Q4::32	Q4	MG	MG	majority	MG	MG	MG	MG	MG	MG		
FACEV21	Q4::37	Q4	MG	MG	majority	MG	MG	MG	MG	MG	MG		
FACEV21	Q4::39	Q4	Rod	Rod	majority	Rod	Rod	Rod	Rod	Rod	Rod		
FACEV21	Q4::9	Q4	BC	BC	majority	BC	BC	BC	BC	BC	BC		
FACEV21	Q5b::13	Q5b	BC	BC	majority	BC	BC	BC	BC	BC	BC		
FACEV21	Q5b::16	Q5b	BC	BC	majority	BC	BC	BC	BC	BC	BC		
FACEV21	Q5b::17	Q5b	BC	BC	majority	BC	BC	BC	BC	BC	BC		
FACEV21	Q5b::19	Q5b	HC	HC	majority	HC	HC	HC	HC	HC	HC		
FACEV21	Q5b::2	Q5b	Rod	Rod	majority	Rod	Rod	Rod	Rod	Rod	Rod		
FACEV21	Q5b::20	Q5b	HC	HC	majority	HC	HC	HC	HC	HC	HC		
FACEV21	Q5b::23	Q5b	BC	BC	majority	BC	BC	BC	BC	BC	BC		
FACEV21	Q5b::3	Q5b	Rod	Rod	majority	Rod	Rod	Rod	Rod	Rod	Rod		
FACEV21	Q5b::31	Q5b	AC	AC	majority	AC	AC	AC	AC	AC	AC		
FACEV21	Q5b::32	Q5b	AC	AC	majority	AC	AC	AC	AC	AC	AC		
FACEV21	Q5b::35	Q5b	AC	AC	majority	AC	AC	AC	AC	AC	AC		
FACEV21	Q5b::42	Q5b	AC	AC	majority	AC	AC	AC	AC	AC	AC		
FACEV21	Q5b::43	Q5b	BC	BC	majority	BC	BC	BC	BC	BC	BC		
FACEV21	Q5b::45	Q5b	AC	AC	majority	AC	AC	AC	AC	AC	AC		
FACEV21	Q5b::8	Q5b	Rod	Rod	majority	Rod	Rod	Rod	Rod	Rod	Rod		
FACEV21	Q7::1	Q7	BC	BC	majority	BC	BC	BC	BC	BC	BC		
FACEV21	Q7::10	Q7	AC	AC	majority	AC	AC	AC	AC	AC	AC		
FACEV21	Q7::18	Q7	Rod	Rod	majority	Rod	Rod	Rod	Rod	Rod	Rod		
FACEV21	Q7::3	Q7	Micro	Micro	majority	Micro	Micro	Micro	Micro	Micro	Micro		
FACEV21	Q7::42	Q7	AC	AC	majority	AC	AC	AC	AC	AC	AC		
FACEV21	Q7::46	Q7	RGC	RGC	majority	RGC	RGC	RGC	RGC	RGC	RGC		
FACEV21	Q7::52	Q7	RGC	RGC	majority	RGC	RGC	RGC	RGC	RGC	RGC		
FACEV21	Q7::58	Q7	RGC	RGC	majority	RGC	RGC	RGC	RGC	RGC	RGC		
FACEV21	Q7::63	Q7	BC	BC	majority	BC	BC	BC	BC	BC	BC		
FACEV21	Q7::8	Q7	AC	AC	majority	AC	AC	AC	AC	AC	AC		
