face	truth_class	n	raw1_hit	S1_hit	S5_hit	S1_nolab
F-RET	AC	38	30	20	30	6
F-RET	Astro	2	1	1	1	0
F-RET	BC	57	45	39	45	7
F-RET	Cone	8	8	8	8	0
F-RET	HC	5	4	2	3	1
F-RET	MG	22	19	19	19	3
F-RET	Micro	5	0	0	0	5
F-RET	RGC	26	8	8	8	17
F-RET	RPE	1	1	1	1	0
F-RET	Rod	32	26	26	26	5
F-3SEAT	AC	8	8	5	8	0
F-3SEAT	Astro	1	0	0	0	0
F-3SEAT	BC	16	14	10	14	2
F-3SEAT	Cone	1	1	1	1	0
F-3SEAT	Endothelium	2	1	1	1	0
F-3SEAT	Epithelium	12	5	5	5	4
F-3SEAT	Fibroblasts	13	6	6	6	5
F-3SEAT	HC	2	2	2	2	0
F-3SEAT	Immune Cells	2	1	1	1	1
F-3SEAT	MG	4	3	3	3	1
F-3SEAT	Melanocytes	1	0	0	0	1
F-3SEAT	Micro	1	0	0	0	1
F-3SEAT	Pericytes	1	0	0	0	1
F-3SEAT	RGC	4	1	1	1	3
F-3SEAT	Rod	8	5	5	5	3
F-3SEAT	Schwann Cells	1	0	0	0	1
F-3SEAT	Smooth Muscle Cells	1	0	0	0	1
