study	unit	Rod	Cone	BC	AC	HC	RGC	MG	Astro	Micro	RPE	OFF	n_total
Q1_Lukowski2019	Donor1|unknown|na	1052	76	288	43	0	6	99	0	10	0	236	1810
Q1_Lukowski2019	Donor2|unknown|na	7411	175	696	120	0	1	327	0	61	0	2684	11475
Q1_Lukowski2019	Donor3|unknown|na	3776	332	1086	118	0	56	186	0	71	0	784	6409
Q2_GSE155288	donor1|M|na	3546	32	5533	196	81	387	3119	288	597	0	461	14240
Q2_GSE155288	donor1|P|na	8048	870	5752	590	175	8	6656	155	251	0	164	22669
Q2_GSE155288	donor2|M|na	8194	154	7572	214	102	168	5267	215	447	0	386	22719
Q2_GSE155288	donor2|P|na	7941	886	11268	1226	284	20	10369	73	397	0	293	32757
Q3_GSE137537	ind555|central|na	630	6	289	23	19	24	758	1	14	0	1	1765
Q3_GSE137537	ind555|peripheral|na	1316	18	252	30	0	26	855	1	5	0	2	2505
Q3_GSE137537	ind574|central|na	1804	42	1682	171	71	18	1316	1	6	0	10	5121
Q3_GSE137537	ind574|peripheral|na	2347	95	512	166	23	38	932	5	5	0	14	4137
Q3_GSE137537	ind607|central|na	899	5	276	77	24	1355	436	1	19	0	27	3119
Q3_GSE137537	ind607|peripheral|na	2149	45	144	30	9	53	970	0	13	0	31	3444
Q4_GSE148077	H11|retina|CD73_CD90	2101	25	1726	257	62	241	296	21	84	0	16	4829
Q4_GSE148077	H1|retina|CD73_CD90	23	11	2785	3930	114	577	4364	78	115	0	58	12055
Q4_GSE148077	H2|retina|CD73_CD90	45	67	2070	106	280	1474	2152	5	37	0	25	6261
Q4_GSE148077	H3|retina|CD73_CD90	136	89	7499	7133	1242	1313	4885	964	248	0	171	23680
Q4_GSE148077	H4|retina|CD73_CD90	356	39	1204	521	227	514	1434	7	15	0	23	4340
Q4_GSE148077	H5|retina|CD73_CD90	2682	1423	8924	1718	871	7102	5749	62	110	0	88	28729
Q4_GSE148077	H9|retina|CD73_CD90	1730	343	1500	142	72	183	1016	12	62	0	28	5088
