relpath	sha256
docs/plans/comp_prior_v1_20260929/MANIFEST_sha256.txt	d9c6faedeffcf3ff1e7b7a83345cd63b867f01900682e6763acc1f3fa6d4d636
docs/plans/comp_prior_v1_20260929/PHASE0_INVENTORY_t_37a35220.md	d1f157381b28a9c8ab535db54cf29486881551fbc28ea497892fc7e835302bc0
docs/plans/comp_prior_v1_20260929/V1_VERDICT.md	04297235da9d5f7f2fccd0bd8af7c0ec5632e85798f56c2883623d76817adf77
docs/plans/comp_prior_v1_20260929/logs/SHA_BASELINE_pre_20260929.txt	d55459e8a4138798fa5eae087deefb0ff8eff40b8e7e470c44b661fd0baa731e
docs/plans/comp_prior_v1_20260929/logs/SHA_BASELINE_pre_err.txt	e3b0c44298fc1c149afbf4c8996fb92427ae41e4649b934ca495991b7852b855
docs/plans/comp_prior_v1_20260929/logs/SHA_POST_verify.txt	b32017a157eb590eeaffffdc7d67a09cfc4dc69244434531e0c2ab47c3b550f8
docs/plans/comp_prior_v1_20260929/logs/STAT_BASELINE_pre_20260929.txt	5024dc760bfbe01d67aa9e45014a59ee62f5e26deeb354b6b512ac5ca1bd7409
docs/plans/comp_prior_v1_20260929/logs/STAT_POST_verify.txt	5024dc760bfbe01d67aa9e45014a59ee62f5e26deeb354b6b512ac5ca1bd7409
docs/plans/comp_prior_v1_20260929/logs/s4_unit_detail.json	36f09979fddb61e2cd7df9acf6992b2c77cedd5fd0bbae0e8e5e8c8e224f6322
docs/plans/comp_prior_v1_20260929/ob1_lit_candidates.tsv	1c34461b0b52bdda110d19b094ccbcd8ec6fcae6e31e2710e015fcf73020ae0a
docs/plans/comp_prior_v1_20260929/os_conditional_intervals.json	b69ffba07ac49134238cad1e9f3e932e232fb3d83fb9975c07141d1a6160b35c
docs/plans/comp_prior_v1_20260929/q6_recompute_os.tsv	aa057bf5c8b5cbb68ca567dc8c827f87e000769ff7cd9e6bb661bd474dd9244a
docs/plans/comp_prior_v1_20260929/residual_attribution_xtab.tsv	9db8cde0bafb166dbab5909c5893677e91dec353c4b6d0504209ffa42ce93318
docs/plans/comp_prior_v1_20260929/retina_conditional_intervals.json	3beb446a05621792e887a1ba5ce37eb02657c0553a5bbe3d919a63b2dda7e485
docs/plans/comp_prior_v1_20260929/retina_strata_units.tsv	17c2d6ea8c3bc2a594374b803ce7dc781dae3241e9c1d8c57701dd6469be11eb
docs/plans/comp_prior_v1_20260929/scripts/s1_retina_strata_t_37a35220.py	e6d79ed7b1a0ea437f85d8bbe6c92f32b7190163c85ce1b4af89430d31cfca66
docs/plans/comp_prior_v1_20260929/scripts/s2_ocular_surface_t_37a35220.py	8f4dc5f8457e1075e7a32f538658070e787b4f7d4de69f9bf5a384d33754d8c8
docs/plans/comp_prior_v1_20260929/scripts/s3_lit_scan_t_37a35220.py	d85628d922db85ca2840b497f20c546dfe486b71808c38a1d0de21f7ce1858da
docs/plans/comp_prior_v1_20260929/scripts/s3b_lit_scan_t_37a35220.py	cf2d356c923634d40460b3a9689634febb3bc8f38229a2032a29b0c24257ee75
docs/plans/comp_prior_v1_20260929/scripts/s4_recompute_flags_t_37a35220.py	3943a6cebe9b29b903a73eb65e3a55979ed445f6dad1b148e2158ead2cd8e8c1
docs/plans/comp_prior_v1_20260929/scripts/s4b_recompute_flags_v2_t_37a35220.py	deca716066ebff9ce64b5b858b457b16e331271964f46dfbdaa3f8f5472e05b4
docs/plans/comp_prior_v1_20260929/scripts/s5_build_v1_t_37a35220.py	61e9302ff4c8bf0fca9c61266d9812c0673ec8b0273fbbacc6e0122bfd9eb525
docs/plans/comp_prior_v1_20260929/scripts/s6_finalize_t_37a35220.py	ac2726e36800a9529feb6c05bc02109a745c816ecc1095b86c2d09ff9aaa1e2b
docs/plans/comp_prior_v1_20260929/stratified_recompute_rows.tsv	1ddc0e1a414888d9a28c84ac8a25f3977fa0d9f5eb25e9f924e3dfd6a4806508
docs/plans/comp_prior_v1_20260929/stratified_recompute_rows_v2.tsv	dbbb3f227a6aa2530871e7844dd5e4e65ba331c641ed1175d711890fb528eaf2
docs/plans/comp_prior_v1_20260929/stratified_recompute_summary.tsv	0424d9a4356de8f5949537f5a47ec5439c890467e9747e8ab5ef15010318920c
docs/plans/repo_sync6_20260929/BRIEF_REPOSYNC6.md	67d73089a0b17399ac8df3fc6013d89f40a329ee3b21dd97da02f6ceeadb0b8a
docs/plans/repo_sync6_20260929/REPOSYNC6_COMPLETED.md	ea0f5817ba5b98d4934f709bb8d763fe293da404a4d0d67bb3ea13da599f47db
docs/plans/repo_sync6_20260929/ledgers/T7_EXCLUSIONS_RS6.tsv	22bbaa5a3c7a601f1df942072dc836631e17d460ac5b7ee1b1b0b475ac7d4abe
docs/plans/repo_sync6_20260929/scripts/rs6_finalize_mask.py	b743d95bb6814c6ffc0572d9b2c698a0f9e5ecb5691797d17105fc37453e9b03
docs/plans/repo_sync6_20260929/scripts/rs6_gates.py	24126b2690315ea9a273fb732e4917fbc96a626cdcb76a8df0ca954cf3c9fc87
docs/plans/repo_sync6_20260929/scripts/rs6_ingest.py	bd7fb2a8e6f4a4f760c5bdc5d35faea6d739c56158790deaf5373c597450d887
docs/plans/repo_sync6_20260929/scripts/rs6_pathnorm.py	0db67c45132a41c5be396b3cd1052e49fe216b70da91ef991b9fc074d78fcd31
docs/plans/repo_sync6_20260929/scripts/rs6_t6_clone.py	cfc305be5f49c9e727c73363fde93210a57597cb262a6e555890c1838cb9fd67
docs/plans/QUEUE_20260929.md  # MODIFIED	3e69419ae9a7a733f8eabddd2f41222682ab9610f141b3e64e659fe57124170a
kb/composition/SHA256SUMS.txt  # MODIFIED	06b47f7fdc1d16d886c0ce420e349aee367a5bb73cf31462af755386a76e0277
